保利麓谷林语,［岳麓区-保利麓谷林语］桐梓坡西路408号
江山帝景,［岳麓区-含浦］学士路99号
利海米兰春天,［岳麓区-含浦］联丰路398号
钰龙天下,［岳麓区-长郡双语中学］金星大道
保利西海岸,［岳麓区-银盆岭］银盆岭路228号
岳麓恒大华府,［岳麓区-市政府］金星北路二段89号
汀湘十里,［岳麓区-洋湖湿地公园］含浦中路793号
梅溪青秀,［岳麓区-梅溪湖］沐风路19号
中建梅溪湖中心,［岳麓区-梅溪湖］环湖路919号
和泓梅溪四季(一期),［岳麓区-梅溪湖］映日路599号
万科里金域国际,［岳麓区-观沙岭］潇湘北路,近安居路
佳兆业云顶梅溪湖,［岳麓区-梅溪湖］环湖路488号
西山汇景,［岳麓区-咸嘉湖］咸家湖路216号
金茂梅溪湖,［岳麓区-梅溪湖］梅溪湖南路100号
麓谷小镇,［岳麓区-麓谷］尖山路709号
沁园春御院,［岳麓区-桐梓坡］桐梓坡路485号
中冶中央公园,［岳麓区-麓谷］嘉运路
旭辉御府,［岳麓区-梅溪湖］东方红路
中央美郡,［岳麓区-湖南商学院］咸嘉湖西路119号
阳光丽城,［岳麓区-观沙岭］银杉路529号
枫华府第,［岳麓区-含浦］象嘴路368号
麓山恋迪亚溪谷,［岳麓区-洋湖湿地公园］学丰路1008号
中海国际社区(一期),［岳麓区-中海国际］云栖路175号
阳光100国际新城(西区),［岳麓区-阳光100］后湖路
恒大御景湾,［岳麓区-观沙岭］含光路77号
绿地中央广场,［岳麓区-银盆岭］银杉路31号
振业城,［岳麓区-梅溪湖］麓景路628号
洋湖景园,［岳麓区-洋湖湿地公园］景园路
中建梅溪湖壹号,［岳麓区-梅溪湖］近湖二路1号
合能璞丽,［岳麓区-梅溪湖］看云路111号
诚兴园,［岳麓区-市政府］望岳路299号
旭辉藏郡,［岳麓区-长郡双语中学］茶子山路318号
米地亚家园,［岳麓区-保利麓谷林语］黄金西路
华润橡树湾,［岳麓区-含浦］联丰路109号
中建麓山和苑,［岳麓区-含浦］象咀路29号
阳光100后海,［岳麓区-阳光100］南二环518号
望月湖文明小区,［岳麓区-煌逭颍菰鹿街
宜居莱茵城,［岳麓区-雷锋大道］雷锋大道36号
达美溪湖湾,［岳麓区-梅溪湖］环湖路798号
卓越蔚蓝海岸(一期),［岳麓区-市政府］茶子山西路
中铁西江悦,［岳麓区-观沙岭］潇湘北路三段668号
晟通牡丹舸,［岳麓区-梅溪湖］环湖路777号
万科白鹭郡,［岳麓区-洋湖湿地公园］坪塘大道299号
阳明山庄,［岳麓区-汽车西站］枫林三路228号
南山雍江汇,［岳麓区-观沙岭］潇湘北路三段889号
长房云时代,［岳麓区-雷锋大道］岳麓西大道158号
钰龙天下佳园(二期),［岳麓区-长郡双语中学］佑母塘路799号
恩瑞御西湖,［岳麓区-银盆岭］金星中路
万科城市花园,［岳麓区-枫林三路］枫林三路889号
长房时代城,［岳麓区-汽车西站］桐梓坡西路138号
长房西郡,［岳麓区-汽车西站］杜鹃路1089号
八方小区A区,［岳麓区-观沙岭］观沙路160号
盛世耀凯,［岳麓区-市政府］杜鹃路,近杜容路
金科世界城,［岳麓区-岳麓山］雷锋大道468号
天麓,［岳麓区-雷锋大道］雷锋大道609号
馨香雅苑,［岳麓区-汽车西站］咸嘉湖西路148号
世茂铂翠湾(一期),［岳麓区-银盆岭］潇湘北路三段1100号
联美品格,［岳麓区-市政府］杜鹃路812号
高鑫麓城,［岳麓区-咸嘉新村］桐梓坡路519号
恩瑞麓山名园,［岳麓区-湖南财专］金星中路187号
协信星澜汇,［岳麓区-观沙岭］茶子山东路166号
共和世家,［岳麓区-枫林一路］枫林一路737号
德润园,［岳麓区-观沙岭］银杉路459号
中天栖溪里,［岳麓区-洋湖湿地公园］福祥路189号
新兴北京御园(一期),［岳麓区-市政府］茶子山路19号
达美D6区,［岳麓区-汽车西站］玉兰路577号
弘德好莱城,［岳麓区-枫林三路］枫林三路859号
麓谷明珠,［岳麓区-麓谷］枫林三路
卓越麓山别墅(南区),［岳麓区-含浦］学丰路938号
金科东方大院(三四期),［岳麓区-雷锋大道］尖山路,近雷锋大道
西城龙庭,［岳麓区-市政府］岳麓大道355号
湘熙水郡,［岳麓区-洋湖湿地公园］潇湘南路一段508号
万科金域缇香,［岳麓区-大学城］潇湘中路355号
景秀江山(南区),［岳麓区-银盆岭］银盆南路
瑞盛云栖谷,［岳麓区-含浦］云栖路
佳兴格林星城,［岳麓区-湖南财专］金星中路199号
中房F联邦,［岳麓区-麓谷］麓云路159号
岳麓山公馆,［岳麓区-梅溪湖］左五路
西子湖畔沃府,［岳麓区-咸嘉湖］金星中路288号
玛依拉山庄,［岳麓区-咸嘉湖］金星中路398号
天麓尚层(一期),［岳麓区-市政府］雷锋大道609号
永祺西京,［岳麓区-桐梓坡］金星中路383号
中一九骏,［岳麓区-湖南财专］金星南路29号
天祥水晶湾,［岳麓区-梅溪湖］环湖路868号
振业城(别墅),［岳麓区-梅溪湖］麓景路628号
科教新村,［岳麓区-科教新村］阜埠河路218号
卓越蔚蓝海岸(三期),［岳麓区-市政府］谷丰北路,近茶子山西路
奥克斯缔壹城,［岳麓区-市政府］杜鹃路858号
兰亭都荟,［岳麓区-银盆岭］银双路120号
江山帝景雅典(五期),［岳麓区-含浦］象嘴路
锑都家园,［岳麓区-含浦］含浦象嘴路
旷远洋湖18克拉,［岳麓区-洋湖湿地公园］潇湘南路,近洋湖路
邦盛水岸御园,［岳麓区-洋湖湿地公园］含浦中路,近联丰路
荣盛花语馨苑,［岳麓区-麓谷］岳麓西大道560号
世茂外滩里,［岳麓区-银盆岭］潇湘北路
麓谷星辰,［岳麓区-麓谷］东方红中路368号
锦绣家园,［岳麓区-汽车西站］麓景路
未来城,［岳麓区-汽车西站］桐梓坡西路98号
西湖丽景,［岳麓区-桐梓坡］咸嘉湖路428号
和隆花半里,［岳麓区-汽车西站］重阳路170号
中海国际社区(二期),［岳麓区-中海国际］云栖路175号
高信向日葵,［岳麓区-湖南财专］谷丰南路9号
绿地湖湘中心,［岳麓区-市政府］银盆南路,近煌迓
梅溪湖金茂悦,［岳麓区-梅溪湖］麓云路268号
阳光城,［岳麓区-桐梓坡］桐梓坡路
奥克斯中央公馆,［岳麓区-银盆岭］岳麓大道57号
卓越蔚蓝海岸(二期),［岳麓区-市政府］含光路660号
和泓梅溪四季(二期),［岳麓区-梅溪湖］映日路599号
银谷北津城,［岳麓区-岳麓周边］银盆北路627号
金色山庄,［岳麓区-银盆岭］银双路66号
梅溪青秀(二期),［岳麓区-梅溪湖］沐风路19号
山水新城,［岳麓区-雷锋大道］含光路,近西二环
湘腾琴岛,［岳麓区-市政府］谷丰南路419号
万科金域滨江,［岳麓区-市政府］潇湘北路三段959号
天元涉外景园,［岳麓区-麓谷］文轩路579号
合能洋湖公馆,［岳麓区-洋湖湿地公园］中央大道
梅溪鑫苑名家,［岳麓区-梅溪湖］东方红南路369号
保利天禧,［岳麓区-银盆岭］岳麓大道,近潇湘北路
麓谷锦和园,［岳麓区-麓谷］麓云路120号
阳光丽城(二期),［岳麓区-观沙岭］银杉路,近佑母塘路
湖韵佳苑,［岳麓区-煌逭颍荼鹾路
橘洲新苑,［岳麓区-观沙岭］岳华路392号
观湖公寓,［岳麓区-咸嘉湖］咸嘉湖路
达美美立方,［岳麓区-梅溪湖］麓谷大道19号
谋房博客,［岳麓区-桐梓坡］桐梓坡路
湘麓国际,［岳麓区-麓谷］麓枫路61号
西岸润泽府,［岳麓区-市政府］岳华路
金地亚,［岳麓区-麓谷］东方红路,近岳麓大道
浪琴湾小区,［岳麓区-汽车西站］映日路
嘉明苑小区,［岳麓区-咸嘉新村］桐梓坡路
枫林美景,［岳麓区-观沙岭］杜鹃路76号
当代滨江MOMA,［岳麓区-观沙岭］含光路125号
枫林绿洲小区,［岳麓区-观沙岭］银杉路309号
北大资源时光,［岳麓区-保利麓谷林语］坪塘大道,近福祥路
恒大文化旅游城,［岳麓区-洋湖湿地公园］潭州大道二段528号
望月沁园,［岳麓区-望月湖］白沙液街92号
含浦家苑,［岳麓区-含浦］象嘴路
雄海花园,［岳麓区-湘雅三医院］桐梓坡路123号
新兴北京御园(二期),［岳麓区-市政府］茶子山路19号
芙蓉别墅山庄(别墅),［岳麓区-观沙岭］银盆北路
兰亭湾畔(一期),［岳麓区-洋湖湿地公园］许家洲路106号
阳光100国际新城(东区),［岳麓区-阳光100］南二环518号
公园里,［岳麓区-桐梓坡］白鹤咀街99号
麓江春,［岳麓区-银盆岭］岳麓大道89号
江山帝景哈佛假日,［岳麓区-洋湖湿地公园］学士路
麓园,［岳麓区-麓谷］麓谷大道636号
惠和梅溪峰汇,［岳麓区-梅溪湖］枫林三路948号
金科东方大院(别墅),［岳麓区-雷锋大道］雷锋大道501号
湘仪家园中区,［岳麓区-汽车西站］桐梓坡西路
融创融公馆,［岳麓区-中海国际］联丰路
窑塘小区,［岳麓区-湖南商学院］望岳路221号
北大资源时光(别墅),［岳麓区-洋湖湿地公园］坪塘大道
英才园居住小区,［岳麓区-桐梓坡］咸家湖路68号
涉外国际公馆,［岳麓区-麓谷］枫林三路608号
和顺洋湖壹号,［岳麓区-洋湖湿地公园］坪塘路337号
润芳园,［岳麓区-枫林三路］枫林三路1015号
麓谷雅园,［岳麓区-桐梓坡］咸嘉湖西路409号
光明E城,［岳麓区-观沙岭］银杉路598号
天骄福邸,［岳麓区-市政府］杜鹃路99号
翡翠华庭,［岳麓区-麓谷］咸嘉湖西路388号
西城湾,［岳麓区-桐梓坡］岳华路28号
中海国际社区(三期),［岳麓区-中海国际］云栖路175号
金星公寓,［岳麓区-市政府］岳麓大道270号
金鹰玖山,［岳麓区-雷锋大道］雷锋大道,近尖山路
龙王港小区,［岳麓区-枫林二路］金星中路168号
云顶翠峰,［岳麓区-含浦］象嘴路96号
沁园春,［岳麓区-银盆岭］银盆南路208号
金鼎公园尚,［岳麓区-大学城］车塘河路90号
九龙领仕汇(别墅),［岳麓区-含浦］078县道
新民小区,［岳麓区-新民路］新民路
咸嘉新村嘉华苑,［岳麓区-咸嘉新村］谷丰南路
金南家园,［岳麓区-观沙岭］东方红路
茶子山安置小区,［岳麓区-观沙岭］银杉路
金麓小区,［岳麓区-市政府］银杉路626号
岳麓山庄,［岳麓区-新民路］石门楼街15号
新诚小区,［岳麓区-岳麓周边］岳华路1199号
香海西岸(西区),［岳麓区-银盆岭］边洲围路
荣泰广场,［岳麓区-市政府］谷丰中路209号
卓越麓山别墅(北区),［岳麓区-含浦］学丰路938号
万科里梅溪郡(一期),［岳麓区-梅溪湖］梅溪湖路
金茂府,［岳麓区-梅溪湖］梅溪湖路,近环湖路
麓山润城,［岳麓区-麓谷］麓云路156号
惠天然梅岭国际,［岳麓区-梅溪湖］看云路108号
枫树园,［岳麓区-桐梓坡］铜盆湖路9号
山水誉峰,［岳麓区-银盆岭］汉陵巷
郡原广场,［岳麓区-桐梓坡］金星大道468号
涉外花园,［岳麓区-涉外经济学院］枫林三路
美林银谷国际社区,［岳麓区-咸嘉新村］金星大道
潇湘奥林匹克花园(一期),［岳麓区-麓谷］岳麓大道
广厦新苑(南区),［岳麓区-汽车西站］南园路,近游园东路
滨江一号,［岳麓区-观沙岭］银杉路,近北津城路
桔洲新苑,［岳麓区-涉外经济学院］东方红中路392号
奥克斯缔壹城(别墅),［岳麓区-雷锋大道］岳麓大道57号
地华梅溪湖畔,［岳麓区-汽车西站］枫林三路238号
枫雅名苑,［岳麓区-岳麓周边］谷丰路67号
曙光泊岸5-10栋,［岳麓区-大学城］潇湘大道298号
麓谷锦园,［岳麓区-麓谷］咸嘉湖西路350号
咸嘉新村嘉文苑,［岳麓区-市政府］晨风路51号
香麓丽舍,［岳麓区-银盆岭］银双路56号
望兴景园,［岳麓区-汽车西站］西二环一段1618号
麓山翰林苑,［岳麓区-大学城］西二环一段612号
水印华府,［岳麓区-麓谷］莲坪大道
滨江金座,［岳麓区-银盆岭］岳麓大道2号
西江庭院,［岳麓区-观沙岭］银杉路
红叶山庄,［岳麓区-枫林一路］枫林一路
湘江700,［岳麓区-大学城］南二环545号
加州阳光西组团,［岳麓区-麓谷］谷园路38号
金荣誉峰,［岳麓区-麓谷］麓龙路209号
华韵城市海岸,［岳麓区-桐梓坡］银盆南路228号
风华四季园,［岳麓区-银盆岭］银双路28号
裕园大厦,［岳麓区-湖南商学院］枫林二路366号
科学村社区,［岳麓区-大学城］麓山南路721号
兰亭湾畔(二期),［岳麓区-洋湖湿地公园］许家洲路,近联丰路
咸嘉新村嘉兴苑,［岳麓区-咸嘉新村］晨风路48号
胜家雅苑,［岳麓区-银盆岭］岳华路85号
麓山里,［岳麓区-洋湖湿地公园］含浦大道
长房和园,［岳麓区-岳麓山］杜鹃路254号
香海西岸(东区),［岳麓区-观沙岭］银杉路
青青家园,［岳麓区-市政府］青山路
九龙领仕汇,［岳麓区-麓谷］078县道
水木兰庭,［岳麓区-商学院］华兰路129号
八方小区C区,［岳麓区-市政府］观沙路
静园山庄,［岳麓区-汽车西站］雷锋大道
悦峰园,［岳麓区-桐梓坡］晨风路86号
麓山枫情,［岳麓区-汽车西站］南园路128号
谷山乐园(一期),［岳麓区-银盆岭］银杉路619号
步步高梅溪新天地,［岳麓区-涉外经济学院］东方红南路657号
中南大学南校区宿舍,［岳麓区-岳麓山］麓山南路605号
柏家塘小区,［岳麓区-梅溪湖］麓云路
杏林小区,［岳麓区-湘雅三医院］桐梓坡路183号
丽都桃源,［岳麓区-市政府］谷丰路
麓谷E家人,［岳麓区-麓谷］麓枫路59号
金地中交麓谷香颂,［岳麓区-雷锋大道］岳麓大道,近旺龙路
湘许嘉园,［岳麓区-六沟垅］御景路
江岸景苑,［岳麓区-煌逭颍菀盆南路20号
广泰锦苑,［岳麓区-市政府］含光路
八方小区B区,［岳麓区-市政府］观沙路
加州阳光东组团,［岳麓区-麓谷］谷园路38号
青山家园,［岳麓区-望城坡］青山路
望兴西西里,［岳麓区-望城坡］西二环
靳江明珠,［岳麓区-含浦］含浦中路
望麓锦园,［岳麓区-汽车西站］咸嘉湖西路298号
矿山研究院一村,［岳麓区-煌逭颍萋瓷侥下345号
曙光泊岸1-4栋,［岳麓区-大学城］潇湘大道298号
星蓝湾,［岳麓区-银盆岭］银杉路2号
卓越麓山别墅(北区别墅),［岳麓区-含浦］学丰路938号
城西公寓,［岳麓区-汽车西站］西二环1538号
恒大半山悦府,［岳麓区-含浦］巡抚西路
交警大楼宿舍,［岳麓区-橘子洲］银盆南路2号
前程丽景,［岳麓区-汽车西站］咸嘉湖西路179号
茶山馨苑,［岳麓区-观沙岭］银杉路
兰卡威国际,［岳麓区-银盆岭］银盆南路435号
石岭小区B区,［岳麓区-观沙岭］银杉路
欣胜园,［岳麓区-桐梓坡］玉兰路17号
滨江海棠湾,［岳麓区-市政府］银杉路
山语林居,［岳麓区-大学城］寨子巷113号
桔洲印象,［岳麓区-麓谷］东方红中路392号
咸嘉西子园,［岳麓区-桐梓坡］桐梓坡路
祥泰山庄,［岳麓区-市政府］杜鹃路
麓谷沐春园,［岳麓区-麓谷］麓景路36号
小时代,［岳麓区-望城坡］杜鹃路
嘉逸名庭,［岳麓区-桐梓坡］望岳南路29号
潇湘奥林匹克花园(二期),［岳麓区-雷锋大道］岳麓大道
湘卫花苑,［岳麓区-桐梓坡］银双路406号
阳光晶城,［岳麓区-市政府］雷锋大道48号
银太家园,［岳麓区-市政府］德诚街69号
金侨风华府,［岳麓区-保利麓谷林语］东方红北路457号
咸嘉花园,［岳麓区-桐梓坡］桐梓坡路328号
岳麓现代城,［岳麓区-煌逭颍菀盆南路247号
可可小城,［岳麓区-麓谷］桐梓坡路319号
广盛华苑,［岳麓区-汽车西站］重阳路156号
第二制鞋厂宿舍,［岳麓区-湖南商学院］望岳路4号
碧桂园荟隽棠,［岳麓区-雷锋大道］岳麓西大道
鸣沙苑,［岳麓区-观沙岭］岳华路
八方小区D区,［岳麓区-市政府］观沙路
潇湘奥林匹克花园,［岳麓区-雷锋大道］岳麓大道
广厦新苑(西区),［岳麓区-望城坡］南园路,近迎春路
靳江安置小区,［岳麓区-大学城］丰顺路
今时艺苑,［岳麓区-梅溪湖］东方红路
观枫园,［岳麓区-煌逭颍萋瓷铰295号
长房云西府,［岳麓区-麓谷］望青路
达美溪湖湾(别墅),［岳麓区-梅溪湖］环湖路298号
江滨家园(一期),［岳麓区-洋湖湿地公园］伏龙路
江南公寓,［岳麓区-桐梓坡］咸嘉湖西路
阿普阿布,［岳麓区-咸嘉湖］咸嘉湖路910号
岳银欣苑,［岳麓区-银盆岭］银杉路559号
英才园丰颐苑,［岳麓区-湘雅三医院］英才园路51号
润泽园,［岳麓区-咸嘉湖］咸嘉湖西路
湘仪家园南区,［岳麓区-汽车西站］湘仪路114号
净园小区,［岳麓区-桐梓坡］桐梓坡路
麓山才苑,［岳麓区-望月湖］银盆南路199号
嘉湘华庭,［岳麓区-银盆岭］观沙岭路
嘉和城,［岳麓区-梅溪湖］麓松路239号
芙蓉别墅山庄,［岳麓区-观沙岭］观沙岭路
中建梅溪湖壹号(别墅),［岳麓区-梅溪湖］近湖二路1号
和馨园B区,［岳麓区-涉外经济学院］嘉运路
建发央著,［岳麓区-梅溪湖］映日路,近东方红路
恒伟西雅韵,［岳麓区-洋湖湿地公园］滨柳路9号
西铁馨寓,［岳麓区-汽车西站］麓景路123号
盛大泽西城,［岳麓区-银盆岭］岳麓大道158号
恒大文化旅游城(别墅),［岳麓区-洋湖湿地公园］潭州大道二段528号
万科金色梦想,［岳麓区-麓谷］东方红路,近文轩路
梅溪湖金茂湾,［岳麓区-梅溪湖］梅溪湖路276号
麓山宾馆宿舍,［岳麓区-新民路］爱民路147号
蓝光雍锦阁,［岳麓区-银盆岭］咸嘉湖路216号
卓越千山里,［岳麓区-含浦］学舍公路,近长沙绕城高速
建新安置小区,［岳麓区-省肿瘤医院］双塘路89号
景秀江山(北区),［岳麓区-银盆岭］铜盆湖路1号
福祥家园,［岳麓区-望月湖］和顺路
麓景裕园,［岳麓区-麓谷］枫林三路268号
保利海德公园,［岳麓区-咸嘉湖］熊家港巷1号
学堂坡村,［岳麓区-煌逭颍莅民路
中交里城,［岳麓区-观沙岭］岳华路
恒泰广场,［岳麓区-涉外经济学院］枫林三路516号
璞悦府,［岳麓区-湖南商学院］望岳路295号
华润琨瑜府,［岳麓区-梅溪湖］燕塘路,近麓虹路
西城公寓,［岳麓区-汽车西站］雷锋大道
新民小学宿舍,［岳麓区-煌逭颍菪旅衤
和印轩,［岳麓区-雷锋大道］青山路
金茂广场,［岳麓区-梅溪湖］环湖路1099号
咸嘉新村嘉和苑,［岳麓区-桐梓坡］桐梓坡路
裕民小区,［岳麓区-省肿瘤医院］金星中路
建设新村,［岳麓区-大学城］西二环
金茂梅溪湖(别墅),［岳麓区-梅溪湖］梅溪湖南路100号
保利麓谷林语(别墅),［岳麓区-涉外经济学院］桐梓坡西路408号
君康家园,［岳麓区-梅溪湖］梅溪湖路
华侨二村,［岳麓区-新民路］爱民路73号
绿地麓湖郡,［岳麓区-梅溪湖］泉水路
中海国际社区(五期),［岳麓区-中海国际］云栖路
麓山华侨村,［岳麓区-高叶塘］新民路50号
天麓小区五期,［岳麓区-雷锋大道］尖山路
万象府台,［岳麓区-市政府］北二环,近金星北路
金峰南院,［岳麓区-市政府］杜鹃路788号
米地亚家园(别墅),［岳麓区-观沙岭］黄金西路
岳麓1号,［岳麓区-麓谷］岳麓大道369号
COCO蜜城,［岳麓区-洋湖湿地公园］福祥路72号
长丰安置小区,［岳麓区-麓谷］麓松路
时代天骄,［岳麓区-汽车西站］华兰路39号
金科东方大院(五期),［岳麓区-雷锋大道］雷锋大道501号
金凤楼,［岳麓区-煌逭颍萋瓷铰166号
广厦新苑(北区),［岳麓区-望城坡］南园路,近枫林三路
麓阳和景雅苑,［岳麓区-麓谷］游园路98号
奥克斯滨仕花园,［岳麓区-洋湖湿地公园］长湾路36号
梅溪华府,［岳麓区-梅溪湖］雪松路,近映日路
湘腾城市广场,［岳麓区-桐梓坡］金星中路438号
长庆小区五期,［岳麓区-涉外经济学院］栖才路
望兴家园,［岳麓区-麓谷］枫林二路300号
美的麓府,［岳麓区-桐梓坡西路］春晖路
沁园小区,［岳麓区-望城坡］潇湘南大道
静宜园小区,［岳麓区-岳麓山］清水路
时代倾城(四期),［岳麓区-金星北路］金星北路,近银星路
汀湘十里邻云坊,［岳麓区-含浦］含浦中路793号
阳光新城,［岳麓区-市政府］杜鹃路199号
长房梅溪香山,［岳麓区-梅溪湖］梅溪湖路109号
天麓尚层(二期),［岳麓区-雷锋大道］雷锋大道609号
振业城二期,［岳麓区-梅溪湖］麓景路628号
航天社区,［岳麓区-汽车西站］枫林三路
龙湖春江郦城,［岳麓区-观沙岭］观沙岭路,近含光路
蓝光雍锦半岛,［岳麓区-洋湖湿地公园］潇湘南大道,近虹山路
华侨假日中心,［岳麓区-麓谷］东方红中路406号
旭辉御府(别墅),［岳麓区-梅溪湖］东方红路288号
卓越浅水湾,［岳麓区-梅溪湖］近湖七路32号
卓越中寰,［岳麓区-银盆岭］含光路,近观沙路
市检察院宿舍,［岳麓区-新民路］爱民路86号
南山十里天池,［岳麓区-含浦］云栖路556号
和园,［岳麓区-湖南商学院］望新路413号
麓山雅苑,［岳麓区-煌逭颍菰禄街101号
和馨园A区,［岳麓区-涉外经济学院］嘉运路
梦想新天地,［岳麓区-梅溪湖］枫香路,近纳秋路
临江花园,［岳麓区-新民路］爱民路95号
洋湖style,［岳麓区-洋湖湿地公园］学士路
南山梅溪一方,［岳麓区-梅溪湖］映日路,近雪松路
啤酒厂宿舍,［岳麓区-湖南商学院］咸嘉湖西路,近格林巷
红星紫檀溪苑,［岳麓区-麓谷］枫林三路
教师村(岳麓),［岳麓区-雷锋大道］桐梓坡路421号
鑫苑名家雅苑,［岳麓区-梅溪湖］东方红南路369号
梅溪湖金茂湾MINI公寓,［岳麓区-梅溪湖］梅溪湖路276号
城郊涉外桃园,［岳麓区-麓谷］枫林三路1037号
长塘山,［岳麓区-新民路］麓山路
树达学院家属楼,［岳麓区-大学城］西二环
奥克斯缤纷广场,［岳麓区-湖南商学院］杜鹃路858号
涧塘小区,［岳麓区-汽车西站］桐梓坡西路
中海阅江府,［岳麓区-洋湖湿地公园］先导路,近湘浦路
保利麓谷林语(商住楼),［岳麓区-麓谷］桐梓坡路408号
中海国际社区(四期),［岳麓区-中海国际］云栖路175号
航空母舰小区,［岳麓区-煌逭颍煌迓25号
金峰北院,［岳麓区-市政府］谷丰中路
公交宿舍,［岳麓区-新民路］石门楼街
建安像素汇,［岳麓区-麓谷］谷苑路
正荣梅溪紫阙台(公寓住宅),［岳麓区-梅溪湖］梅溪湖路286号
金麓国际小区,［岳麓区-银盆岭］岳麓大道311号
东塘五期安置小区,［岳麓区-涉外经济学院］佳园路
警察学院职工宿舍,［岳麓区-新民路］白云路99号
北大资源理想家园,［岳麓区-洋湖湿地公园］福祥路109号
金盛园,［岳麓区-湖南商学院］西二环
达美寰宇中心,［岳麓区-梅溪湖］环湖路,近连湖八路
金辉优步花园,［岳麓区-雷锋大道］岳麓大道
远洋外滩壹号,［岳麓区-长郡双语中学］滨江景观大道,近佑母塘路
梅溪正荣府,［岳麓区-梅溪湖］映日路1166号
众星湘港,［岳麓区-洋湖湿地公园］莲坪路53号
汽电宿舍,［岳麓区-市政府］岳麓大道
湖南师范大学继续教育学院宿舍,［岳麓区-望月湖］老咸嘉湖路17号
岳北社区,［岳麓区-银盆岭］银岳路
南枫时光,［岳麓区-麓谷］桐梓坡路
楚江华庭,［岳麓区-市政府］夏家湾路90号
广宇园丁新村,［岳麓区-岳麓山］麓山西路89号
新雅园,［岳麓区-市政府］边洲围路59号
恒万西溪里,［岳麓区-麓谷］桐梓坡路271号
麓谷燕园,［岳麓区-麓谷］咸嘉湖西路
天泰怡园,［岳麓区-麓谷］雷锋大道448号
长沙市岳麓区机关金星住宅小区,［岳麓区-湘雅三医院］双塘路99号
兰亭湾畔(商住楼),［岳麓区-洋湖湿地公园］许家洲路106号
万科里梅溪郡(二期),［岳麓区-梅溪湖］梅溪湖路
金领公寓,［岳麓区-麓谷］桐梓坡西路259号
标志麓谷坐标,［岳麓区-麓谷］谷园路
石岭塘社区,［岳麓区-银盆岭］含光路373号
致地龙熙台,［岳麓区-洋湖湿地公园］坪塘路
汽车西站商贸城居民楼,［岳麓区-汽车西站］咸嘉湖西路
中国铁建洋湖壹品,［岳麓区-洋湖湿地公园］含浦中路,近洋湖路
岳银三村,［岳麓区-桐梓坡］银太巷
天峰名苑,［岳麓区-省肿瘤医院］双塘路9号
中一鲲出,［岳麓区-银盆岭］银双路12号
红泥山小区,［岳麓区-望月湖］红泥山路120号
梅溪湖玺悦,［岳麓区-梅溪湖］博学路,近泉水路
凯特梅溪紫郡,［岳麓区-枫林三路］平川路271号
金荣央谷金座,［岳麓区-麓谷］桐梓坡西路189号
科技公寓,［岳麓区-市政府］银双路108号
金地亚(别墅),［岳麓区-雷锋大道］东方红路
馨宇锦园小区,［岳麓区-望城坡］麓景路68号
恒大御景湾(商住楼),［岳麓区-银盆岭］含光路77号
江滨家园(三期),［岳麓区-洋湖湿地公园］潇湘大道
省委党校单位房,［岳麓区-桐梓坡］谭石路124号
煌逭蛏缜,［岳麓区-银盆岭］杜家塘路
省民主党派湖南省委机关宿舍二区,［岳麓区-新民路］爱民路
枫林家园,［岳麓区-观沙岭］银杉路
湖南省长沙船舶厂住宅楼,［岳麓区-银盆岭］边洲围路298号
长房梅溪香山(别墅),［岳麓区-梅溪湖］梅溪湖路109号
师大上游村,［岳麓区-新民路］上游东路
兴安苑,［岳麓区-观沙岭］含光路466号
人才公寓,［岳麓区-桐梓坡］御景路8号
金苑花园,［岳麓区-望城坡］学院路9号
佳兆业云顶梅溪湖(商住楼),［岳麓区-梅溪湖］环湖路488号
佳兴国际汇,［岳麓区-湖南财专］咸嘉湖西路67号
正荣梅溪紫阙台(商住楼),［岳麓区-梅溪湖］梅溪湖路286号
福晟翡翠湾,［岳麓区-梅溪湖］环湖路,近近湖九路
启迪协信中心,［岳麓区-保利麓谷林语］潇湘北路,近佑母塘路
世茂铂曼,［岳麓区-银盆岭］岳北路,近岳麓大道
奥园城市天骄,［岳麓区-汽车西站］枫林路,近湘仪路
洋湖时代广场,［岳麓区-含浦］学士路177号
花纸厂宿舍,［岳麓区-银盆岭］银盆南路111号
银洲公寓,［岳麓区-银盆岭］咸嘉湖路
中梁云麓传奇,［岳麓区-麓谷］谷苑路,近麓开路
绿地中央广场(商住楼),［岳麓区-观沙岭］银杉路31号
北辰时光里,［岳麓区-市政府］长望路
洋湖明园,［岳麓区-洋湖湿地公园］长沙绕城高速,近潭州大道
龙湖湘江星座,［岳麓区-麓谷］东方红中路392号
观湖苑,［岳麓区-桐梓坡］咸嘉湖路690号
静园山庄(别墅),［岳麓区-雷锋大道］雷锋大道446号
远洋外滩壹号(商住楼),［岳麓区-保利麓谷林语］滨江景观大道,近佑母塘路
通号岭绣苑,［岳麓区-雷锋大道］岳麓大道,近汇智路
奥克斯洋湖广场,［岳麓区-洋湖湿地公园］长湾路,近湘浦路
蓝光雍锦半岛(别墅),［岳麓区-洋湖湿地公园］潇湘大道,近虹山路
咸嘉新村嘉旺苑,［岳麓区-湖南商学院］桐梓坡路
梅溪湖金茂悦(三期),［岳麓区-梅溪湖］麓云路268号
省工商局宿舍,［岳麓区-枫林一路］爱民路77号
奥克斯广场(商住楼),［岳麓区-银盆岭］岳麓大道57号
憩园小区,［岳麓区-望城坡］湘仪路78号
长房西郡(别墅),［岳麓区-雷锋大道］杜鹃路1089号
莲香园小区,［岳麓区-洋湖湿地公园］坪塘大道,近星城路
金谷大厦,［岳麓区-汽车西站］桐梓坡西路98号
矿山研究院二村,［岳麓区-岳麓山］麓山南路343号
梅溪盛荟,［岳麓区-枫林三路］麓云路148号
世茂铂翠湾(二期),［岳麓区-银盆岭］岳麓大道,近岳北路
顺泰阁,［岳麓区-岳麓周边］周家巷4号
保利西海岸(二期),［岳麓区-银盆岭］银盆岭228号
富力十号,［岳麓区-洋湖湿地公园］湘浦路,近滨柳路
雅阁国际,［岳麓区-麓谷］麓枫路
麓山慧苑,［岳麓区-洋湖湿地公园］078县道
佳兆业云顶梅溪湖(四期),［岳麓区-梅溪湖］梅溪湖路
长沙市质量技术监督局住宅小区,［岳麓区-桐梓坡］银双路
二木宿舍,［岳麓区-桐梓坡］咸嘉湖路126号
阳光100凤凰社,［岳麓区-洋湖湿地公园］南二环
洋湖和园,［岳麓区-洋湖湿地公园］坪塘大道,近连山路
龙湖水晶郦城,［岳麓区-观沙岭］银杉路,近茶子山路
中海天鉴,［岳麓区-中海国际］云栖路175号
湖南大学陈家湖宿舍,［岳麓区-岳麓山］天马路123号
龙湖新壹城,［岳麓区-洋湖湿地公园］先导路,近湘浦路
岳麓恒大华府(商住楼),［岳麓区-市政府］金星北路二段89号
魏家坡宿舍,［岳麓区-银盆岭］魏家坡巷11号
青青家园二小区,［岳麓区-雷锋大道］排山大道11号
湘许大厦,［岳麓区-银盆岭］集贤路143号
尖山小区,［岳麓区-雷锋大道］尖山村328号
湖湘中心樾山(商住楼),［岳麓区-望月湖］银盆南路159号
园林局宿舍,［岳麓区-银盆岭］汉陵巷8号
天元国际公寓,［岳麓区-枫林三路］文轩路579号
滨江一号(别墅),［岳麓区-观沙岭］银杉路
新天地小区,［岳麓区-银盆岭］银盆南路371号
牛力家园,［岳麓区-洋湖湿地公园］潇湘南大道168号
熙科梅溪半岛,［岳麓区-梅溪湖］梅溪湖环湖路,近连湖八路
钰龙天下(商住楼),［岳麓区-观沙岭］佑母塘路799号
麓荫园,［岳麓区-煌逭颍萋瓷铰
天悦国际,［岳麓区-麓谷］平川路239号
景芳新寓,［岳麓区-市政府］金星中路
青山安置小区二期,［岳麓区-市政府］排山路
高家坪,［岳麓区-大学城］麓山南路932号
谷山里,［岳麓区-雷锋大道］近西二环,佑母塘路
平和堂宿舍,［岳麓区-桐梓坡］集贤路115号
谷山乐园三期,［岳麓区-金星北路］北津城路
湘江熙岸,［岳麓区-雷锋大道］南二环
奥克斯缔壹城(商住楼),［岳麓区-市政府］杜鹃路,近西二环
麓谷明珠(商住楼),［岳麓区-枫林三路］枫林3路398号
省盐业公司宿舍,［岳麓区-汽车西站］银盆南路62号
长沙市妇联宿舍,［岳麓区-湖南商学院］金星中路465号
福晟翡翠湾(商住楼),［岳麓区-梅溪湖］环湖路
花溪欣苑,［岳麓区-洋湖湿地公园］花溪路,近梓山路
河西望城坡商贸城,［岳麓区-保利麓谷林语］杜英路,近桐梓坡西路
三里垅小区,［岳麓区-望城坡］三里垅105号
中国铁建洋湖苑,［岳麓区-含浦］含浦中路785号
弘坤花样汇,［岳麓区-枫林三路］枫林三路867号
达美D6区(商住楼),［岳麓区-望城坡］玉兰路577号
青青家园一小区,［岳麓区-雷锋大道］青山路
胸科医院宿舍,［岳麓区-市政府］金星中路
民主党派宿舍,［岳麓区-煌逭颍蒌煜嬷新70号
永安小区,［岳麓区-雷锋大道］尖山路
英才园(别墅),［岳麓区-桐梓坡］咸家湖路68号
卓越浅水湾(商住楼),［岳麓区-梅溪湖］近湖七路32号
中海国际社区(商住楼),［岳麓区-中海国际］云栖路
桐梓坡小区,［岳麓区-桐梓坡］铜盆湖路
华龙家园,［岳麓区-桐梓坡西路］望雷大道
映客龙湖Z翠中心,［岳麓区-洋湖湿地公园］洋湖大道,近罗谷塘路
望城坡派出所宿舍,［岳麓区-大学城］二环线1段1570号
和顺洋湖壹号(商住楼),［岳麓区-洋湖湿地公园］坪塘大道337号
荣盛花语馨苑(商住楼),［岳麓区-雷锋大道］岳麓西大道560号
香江国际,［岳麓区-银盆岭］岳麓大道89号
卓越蔚蓝海岸(二期东区别墅),［岳麓区-市政府］茶子山西路
恒大养生谷,［岳麓区-岳麓周边］梅溪湖路
洋湖和园(二期),［岳麓区-洋湖湿地公园］连山路165号
华申阳光城未来悦,［岳麓区-洋湖湿地公园］洋湖路
中海国际社区(别墅),［岳麓区-中海国际］云栖路
师大医学院教工宿舍,［岳麓区-咸嘉湖］嘉桐街81号
新城金茂梦想华府,［岳麓区-梅溪湖］雪松路,近梅溪湖路
品格家园,［岳麓区-汽车西站］望新路
湖湘中医肿瘤医院宿舍,［岳麓区-桐梓坡］桐梓坡路283号
梅溪湖壹号御湾,［岳麓区-梅溪湖］环湖路
长房时代天地,［岳麓区-湖南商学院］桐梓坡西路
佳兆业天御,［岳麓区-梅溪湖］梅溪湖路,近环湖路
卓越蔚蓝海岸(二期西区别墅),［岳麓区-市政府］谷丰北路,近茶子山西路
麓山医药公司宿舍,［岳麓区-科教新村］望新路188号
兰亭居,［岳麓区-汽车西站］重阳路154号
市检察院石门楼宿舍区,［岳麓区-高叶塘］石门楼街12号
湘熙水郡吃贸(商住楼),［岳麓区-洋湖湿地公园］潇湘南路一段508号
碧桂园映岳台,［岳麓区-雷锋大道］岳麓西大道2300号
金茂梅溪湖(商住楼),［岳麓区-梅溪湖］梅溪湖路100号
天祥水晶湾(商住楼),［岳麓区-梅溪湖］环湖路868号
广泰锦苑(商住楼),［岳麓区-市政府］含光路
图鸿大厦,［岳麓区-银盆岭］湘岳南路,近潇湘北路
中交里城(商住楼),［岳麓区-观沙岭］岳华路702号
威胜大厦,［岳麓区-银盆岭］银盆南路357-3号
安塑宿舍,［岳麓区-桐梓坡］咸嘉湖西路
艺术学院北院宿舍,［岳麓区-湖南商学院］望岳南路86号
汽车西站四合院,［岳麓区-汽车西站］玉兰路
省人防办宿舍,［岳麓区-大学城］枫林一路
长房时代城(商住楼),［岳麓区-望城坡］桐梓坡西路,近玉兰路
老望开区宿舍,［岳麓区-汽车西站］银杏路275号
湖南艺术职业学院北院教工宿舍,［岳麓区-汽车西站］望岳南路
麓谷新世界(商住楼),［岳麓区-枫林三路］G319,近枫林三路
百姓家园,［岳麓区-洋湖湿地公园］潇湘南大道
富力十号(商住楼),［岳麓区-洋湖湿地公园］湘浦路,近滨柳路
岳银五村,［岳麓区-银盆岭］湘岳北路
云顶梅溪湖五期,［岳麓区-梅溪湖］梅溪湖路
长塘子安置小区,［岳麓区-市政府］含光路734号
刷把冲附1号小区,［岳麓区-大学城］刷把冲附1号
湖南大学友谊村,［岳麓区-岳麓山］麓山路
桐木佳园,［岳麓区-岳麓周边］桂花路
金怡园,［岳麓区-金星北路］北津城路
新棠村小区,［岳麓区-岳麓山］新棠巷
麓山南路枫林村小区,［岳麓区-岳麓山］麓山南路
天顶乡青山村自建房,［岳麓区-湖南商学院］雷锋大道288号
丰禧园,［岳麓区-咸嘉湖］熊家湾巷
舒呆公寓,［岳麓区-汽车西站］枫林二路469号
小龚湾小区,［岳麓区-麓谷］永青路,近青山路
桃花村瓜瓢山一组自建房,［岳麓区-岳麓山］西二环路
胜利四村,［岳麓区-岳麓山］麓山南路932号
省市场监督管理局谭家冲宿舍,［岳麓区-岳麓山］枫林一路421号
湖南大学民主村,［岳麓区-岳麓山］麓山南路
湖南大学凤凰西村,［岳麓区-岳麓山］麓山路
湖南师大新至善村,［岳麓区-岳麓山］至善路
湖南师大新华村,［岳麓区-岳麓山］麓山路342号
桃花岭小区,［岳麓区-岳麓山］藕塘路
青山电信宿舍,［岳麓区-湖南商学院］雷锋大道337号
中南药机厂小区,［岳麓区-橘子洲］铜盆湖路2号
望新航运宿舍,［岳麓区-岳麓山］望新路11号
永盛大厦,［岳麓区-麓谷］枫林三路466号
特殊教育学校家属院,［岳麓区-汽车西站］南园路,近游园东路
天马村四组自建房,［岳麓区-岳麓山］麓山南路340号
郭家湾组小区,［岳麓区-汽车西站］竹马巷79号
香樟苑,［岳麓区-湖南商学院］望岳南路
西韵佳苑,［岳麓区-咸嘉湖］咸嘉湖路428号
矿产品公司宿舍,［岳麓区-汽车西站］枫林三路88号
谭石路78号小区,［岳麓区-岳麓山］谭石路78号
火炬城C4组团,［岳麓区-银盆岭］桐梓坡路
鸭婆塘小区,［岳麓区-涉外经济学院］枫林三路
先锋社区,［岳麓区-橘子洲］先锋街2号
谢家湾小区,［岳麓区-涉外经济学院］枫林三路,近星星大道
狮子岭小区,［岳麓区-银盆岭］狮子岭路
老冲居民区,［岳麓区-市政府］西二环
名仕雅居,［岳麓区-橘子洲］新民路135号
鹤华源,［岳麓区-橘子洲］麓山路192号
贺家湾安置小区,［岳麓区-岳麓山］西二环
彭家花园安置小区,［岳麓区-岳麓山］谭石路164号
美麓阳光,［岳麓区-汽车西站］枫林二路
嘉桐街111号自建房,［岳麓区-咸嘉湖］咸嘉湖嘉桐街111号
岳华路电子宿舍,［岳麓区-咸嘉湖］岳华路29号
竹马巷51号自建房,［岳麓区-汽车西站］竹马巷51号
河西布市小区,［岳麓区-望城坡］枫林三路141号
枫林二路256号小区,［岳麓区-湖南财专］枫林二路256号
望城县对外经济贸易有限公司宿舍,［岳麓区-岳麓山］望新路12号
邮局宿舍,［岳麓区-橘子洲］荣湾路25号
白云路46号自建房,［岳麓区-岳麓山］白云路46号
岳麓区法院法警宿舍,［岳麓区-湖南财专］咸嘉湖路966号
岳龙社区,［岳麓区-橘子洲］月华街
市政局宿舍,［岳麓区-橘子洲］枫林路257号
沁园经贸小区,［岳麓区-望城坡］玉兰路416号
潇湘大厦,［岳麓区-岳麓山］阜埠河路205号
长沙市第四医院宿舍,［岳麓区-橘子洲］麓山路74号
府后路小区,［岳麓区-银盆岭］杜鹃路
东风服装有限公司宿舍,［岳麓区-橘子洲］白沙液街238号
大学城安置小区,［岳麓区-大学城］西二环
湖南财政经济学院职工宿舍,［岳麓区-大学城］枫林二路139号
祺鑫星座公寓,［岳麓区-麓谷］谷苑路
世茂铂曼小区,［岳麓区-银盆岭］岳麓大道
湖南省未成年犯管教所单位房,［岳麓区-雷锋大道］华新路18号
惟盛园小区,［岳麓区-大学城］丰顺路,近西二环
天骄福邸(商住楼),［岳麓区-观沙岭］杜鹃路119号
COCO蜜城(商住楼),［岳麓区-洋湖湿地公园］福祥路72号
C11双府国际,［岳麓区-市政府］金星北路499号
望麓桥回收公司院内北栋,［岳麓区-大学城］金星南路87号
神汉广场,［岳麓区-枫林三路］东驰路
岳华新苑,［岳麓区-观沙岭］潇湘北路
富洲滨江雅苑,［岳麓区-银盆岭］湘岳路
岳麓科教新村,［岳麓区-大学城］天马路
石佳冲小区,［岳麓区-大学城］麓山南路
伞厂宿舍,［岳麓区-桐梓坡］岳华路53号
岳麓区人民法院宿舍,［岳麓区-银盆岭］岳麓大道69号
龙蟠小区,［岳麓区-大学城］西二环
麓西苑,［岳麓区-大学城］白云路
金星佳园,［岳麓区-市政府］含光路830号
麓山新苑,［岳麓区-梅溪湖］西二环,近藕塘路
沙星坪小区,［岳麓区-望城坡］麓天东路,近玉兰路
车塘河小区,［岳麓区-含浦］联丰路,近车塘河路
五星小区,［岳麓区-阳光100］左五路,近西二环
沙发公寓,［岳麓区-桐梓坡］桐梓坡路123号
鼎丰园,［岳麓区-桐梓坡］集贤路43号
高盛华城,［岳麓区-枫林三路］枫林三路,近麓云路
金峰小区,［岳麓区-市政府］望岳路270号
竹马巷81号办公楼,［岳麓区-望城坡］竹马巷81号
青山商贸住宅小区,［岳麓区-雷锋大道］雷锋大道,近永青路
湖南大学红叶楼,［岳麓区-大学城］登高路
岳北和苑,［岳麓区-银盆岭］岳麓大道56号
先导银行宿舍,［岳麓区-大学城］麓山路
观沙嘉园,［岳麓区-观沙岭］观沙路
湘江玖号,［岳麓区-保利麓谷林语］滨江路186号
宇洋西海广场,［岳麓区-咸嘉湖］岳麓金星中路288号
惠和梅溪峰汇(商住楼),［岳麓区-枫林三路］枫林三路948号
原二鞋厂宿舍,［岳麓区-湖南商学院］望岳路4号
万科里梅溪郡,［岳麓区-梅溪湖］梅溪湖路
西城学府,［岳麓区-银盆岭］湘岳路10号
嘉顺苑,［岳麓区-梅溪湖］看云路465号
谷山庭苑(二期),［岳麓区-观沙岭］岳华路1200号
荣龙社区一片,［岳麓区-望月湖］潇湘中路
湖中社区,［岳麓区-望月湖］月华街
雅和苑,［岳麓区-中海国际］先导路76号
长房八方里,［岳麓区-观沙岭］观沙路,近含光路
省建院江雅园,［岳麓区-洋湖湿地公园］福祥路65号
五星龙塘小区,［岳麓区-市政府］云栖路
观沙小区,［岳麓区-观沙岭］观沙路
新雅联丰苑,［岳麓区-含浦］家村路
麓枫和苑11-38栋,［岳麓区-大学城］天马路
康逸丰睿,［岳麓区-桐梓坡］咸嘉湖西路
麓丰商住楼,［岳麓区-雷锋大道］麓云路
和锋大厦,［岳麓区-新民路］麓山南路723号
麓宾宿舍,［岳麓区-新民路］爱民路122号
一师安置小区,［岳麓区-涉外经济学院］佳园路
骑龙村安置小区,［岳麓区-涉外经济学院］看云路
南家塘社区,［岳麓区-望城坡］燕航路
长益高速宿舍,［岳麓区-雷锋大道］雷锋大道
熊家湾小区,［岳麓区-咸嘉湖］咸嘉湖496号
左家垅小区,［岳麓区-含浦］西二环
中南壹号院,［岳麓区-大学城］丰顺路
窑塘新村,［岳麓区-湖南商学院］望岳路221号
师大景德村,［岳麓区-新民路］景德路
师大向阳村,［岳麓区-新民路］向阳路
食用菌研究所宿舍,［岳麓区-桐梓坡］双塘路107号
喜地时代广场,［岳麓区-汽车西站］枫林三路8号
物价局宿舍,［岳麓区-保利麓谷林语］麓山路
岳华嘉园,［岳麓区-观沙岭］银杉路
兴华大楼,［岳麓区-汽车西站］枫林三路124号
长盛花园,［岳麓区-新民路］爱民路101号
长沙轴承厂河西宿舍区,［岳麓区-桐梓坡］桐梓坡路200号
省结核医院宿舍,［岳麓区-桐梓坡］咸嘉湖路519号
省六运公司宿舍,［岳麓区-桐梓坡］银双路102号
中联科技园家属楼,［岳麓区-银盆岭］银盆南路361号
岳麓书社住宅楼,［岳麓区-新民路］爱民路47号
省中医药研究院宿舍,［岳麓区-桐梓坡］岳华路
时代帝景,［岳麓区-桐梓坡］桐梓坡路399号
旺佳园,［岳麓区-望城坡］咸嘉湖西路308号
长华小区,［岳麓区-桐梓坡］华兰路128号
中联重科麓谷公寓,［岳麓区-涉外经济学院］桐梓坡西路
鑫阳大厦,［岳麓区-高叶塘］汉陵巷
阳荷塘小区,［岳麓区-汽车西站］桐梓坡西路
延农六期安置小区,［岳麓区-涉外经济学院］栖才路
延农五期安置小区,［岳麓区-麓谷］麓松路
岳鞍阁小区,［岳麓区-观沙岭］岳华路
卓峰家园,［岳麓区-枫林二路］月湖路
岳南村社区,［岳麓区-新民路］麓山南路236号
沙里平小区,［岳麓区-桐梓坡］振兴路
银鸿小区,［岳麓区-桐梓坡］创远街
燕航小区,［岳麓区-麓谷］燕航路
岳银二村,［岳麓区-桐梓坡］银学村巷14号
银馨家园,［岳麓区-观沙岭］岳华路282号
银晟花园,［岳麓区-桐梓坡］麓天东路26号
望兴嘉年华,［岳麓区-汽车西站］麓景路129号
洋海塘小区,［岳麓区-大学城］西二环
裕园,［岳麓区-洋湖湿地公园］学士路
新靳江小区,［岳麓区-岳麓周边］潇湘中路
湘桥佳苑,［岳麓区-阳光100］丰顺路
学士安置小区,［岳麓区-岳麓山］078县道
瑞祺名都,［岳麓区-银盆岭］金星中路
湘华小区,［岳麓区-汽车西站］湘仪路63号
湘华公寓,［岳麓区-湖南商学院］桐梓坡西路22号
万利新村,［岳麓区-桐梓坡］桐梓坡路
长庆六期,［岳麓区-涉外经济学院］长科路
园艺小区,［岳麓区-麓谷］栖才路
新猎鹰公寓,［岳麓区-涉外经济学院］枫林三路594号
郁金香小区,［岳麓区-汽车西站］西二环
郁金香家居建材市场,［岳麓区-汽车西站］杜英路164号
新塘苑,［岳麓区-桐梓坡］岳华路152号
市委宣传部宿舍,［岳麓区-新民路］周家巷6号
润嘉公园道,［岳麓区-雷锋大道］金星路
七里营住宅小区,［岳麓区-市政府］金峰巷
祥和苑,［岳麓区-汽车西站］玉兰路366号
湘浙小商品市场居民楼,［岳麓区-汽车西站］枫林三路53号
早谷塘小区,［岳麓区-新民路］金星南路
梅溪湖骑龙花园,［岳麓区-涉外经济学院］枫林三路681号
早谷塘二期安置小区,［岳麓区-市政府］望新路
润麓苑,［岳麓区-高叶塘］煌搴峤7号
牛头山小区,［岳麓区-大学城］麓山南路326号
天麓苑,［岳麓区-汽车西站］潇湘中路269号
水荷塘小区,［岳麓区-湖南商学院］麓云路
市政宿舍(岳麓),［岳麓区-枫林二路］枫林一路86号
王陵公园宿舍,［岳麓区-银盆岭］咸嘉湖路
金岭小区,［岳麓区-观沙岭］观沙路
银杏家园(岳麓),［岳麓区-麓谷］岳麓大道739号
天马小区,［岳麓区-天马山］阜埠河路
天马西村,［岳麓区-大学城］牌楼路
湖南省交通医院麓山老年公寓,［岳麓区-新民路］麓山路86号
欣欣新村,［岳麓区-汽车西站］重阳路
杜鹃文苑,［岳麓区-雷锋大道］杜鹃路1018号
日安雅苑,［岳麓区-桐梓坡］潇湘中路
金麓大厦,［岳麓区-岳麓周边］华兰路60号
天翼公寓,［岳麓区-岳麓周边］雷锋大道
麓山美庐,［岳麓区-枫林二路］麓山南路81号
荣龙社区五片区,［岳麓区-银盆岭］月华街46号
枇杷塘社区,［岳麓区-大学城］藕塘路
桃花锦绣,［岳麓区-天马山］西二环
后湖小区,［岳麓区-大学城］清水路
金星佳苑,［岳麓区-岳麓周边］金星中路459号
罗马国际公寓,［岳麓区-麓谷］枫林三路
金谷小区,［岳麓区-市政府］谷丰路
二里半村,［岳麓区-新民路］茶山路
金牛小区(B区),［岳麓区-梅溪湖］左五路
金牛小区(A区),［岳麓区-岳麓山］左五路
佳远小区,［岳麓区-汽车西站］湘仪路
金牛小区(C区),［岳麓区-梅溪湖］左五路
联丰小区,［岳麓区-保利麓谷林语］联丰路
发动机厂宿舍(岳麓),［岳麓区-桐梓坡］岳麓咸嘉湖路126号
锰业公司宿舍,［岳麓区-煌逭颍菪旅衤110号
麓城印象,［岳麓区-桐梓坡西路］谷苑路
麓枫和苑1-10栋,［岳麓区-大学城］天马路
君士小区,［岳麓区-汽车西站］玉兰路
老鸭冲小区,［岳麓区-银盆岭］银杉路92号
荷塘小区,［岳麓区-湘雅三医院］桐梓坡路
麓谷和沁园,［岳麓区-雷锋大道］雷高路
冷柜厂宿舍,［岳麓区-桐梓坡］桐梓坡路273号
湖南公信宿舍,［岳麓区-麓谷］桐梓坡西路185号
家和苑,［岳麓区-麓谷］枫林三路742号
箭弓山小区,［岳麓区-汽车西站］燕航路6号
道路运政宿舍,［岳麓区-新民路］枫林一路367号
道坡小区,［岳麓区-市政府］含光路
麻田小区,［岳麓区-汽车西站］枫林三路362号
金丰小区,［岳麓区-桐梓坡］振兴路18号
大坝咀小区(三期),［岳麓区-汽车西站］游园路
航天溪湖,［岳麓区-汽车西站］枫林三路439号
晶鑫小区,［岳麓区-银盆岭］集贤路129号
家兴苑,［岳麓区-涉外经济学院］沐风路129号
畜牧水产局宿舍,［岳麓区-新民路］潇湘中路61号
大坝咀小区(一二期),［岳麓区-望城坡］海天街
黄鹤小区1至2片,［岳麓区-大学城］麻园路
黄鹤小区3片,［岳麓区-大学城］麻园路
黄鹤小区4至5片,［岳麓区-阳光100］麻园路
立树坡居民区,［岳麓区-雷锋大道］西二环
黄荆小区,［岳麓区-涉外经济学院］梅溪湖路
东塘丰港安置小区,［岳麓区-麓谷］麓松路
黄泥塘小区,［岳麓区-桐梓坡］茶子山中路
嘉汇公馆,［岳麓区-市政府］桐梓坡路
黄泥岭社区,［岳麓区-湖南财专］咸嘉湖路898号
创远花园,［岳麓区-银盆岭］魏家坡巷20号
广宇银杉雅园,［岳麓区-市政府］银杉路279号
佳和园,［岳麓区-岳麓周边］重阳路129号
丽臣宿舍,［岳麓区-桐梓坡］银双路
