恒大名都,［望城区-金星北大道］普瑞大道
澳海澜庭,［望城区-金星北大道］银星路999号
中粮北纬28度,［望城区-雷锋大道北］雷锋大道,近普瑞大道
盈峰翠邸,［望城区-金星北大道］金星北路四段229号
时代倾城(一期),［望城区-金星北大道］银星路
盈峰翠邸(别墅),［望城区-金星北大道］金星北路四段229号
山水英伦庄园,［望城区-金星北大道］正兴路118号
悦禧国际山庄(别墅),［望城区-雷锋大道北］雷锋大道,近黄金东路
润和紫郡,［望城区-雷锋大道北］黄金东路,近普瑞大道
勤诚达新界,［望城区-金星北大道］金星北路
长沙玫瑰园,［望城区-金星北大道］金星北路
明发国际城,［望城区-金星北大道］金星北路,近月亮岛路
南山苏迪亚诺,［望城区-金星北大道］金星北路三段399号
金地三千府,［望城区-金星北大道］雷锋大道,近银星路
龙湖湘风原著,［望城区-金星北大道］金星大道
新地东方明珠(三期),［望城区-金星北大道］金星大道209号
嘉宇银杉,［望城区-金星北大道］银杉路,近金潇路
新地东方明珠(一二期),［望城区-金星北大道］金星大道209号
绿地香树花城,［望城区-雷锋大道北］马桥河路,近同心路
时代倾城二期,［望城区-金星北大道］金星北路208号
才子城,［望城区-雷锋大道北］高塘岭大道
富基世纪公园丹桂园,［望城区-雷锋大道北］普瑞大道二段888号
晟通城,［望城区-望城新区政府］金星路109号
玛丽的花园,［望城区-金星北大道］金潇路,近金星北路
名家翡翠花园,［望城区-金星北大道］金星北路
澳海谷山府,［望城区-雷锋大道北］澳海路
中新森林海,［望城区-望城新区政府］雷锋大道
浩龙音乐界,［望城区-金星北大道］金星北路
三润城,［望城区-金星北大道］月亮岛路,近谷山路
裕田奥莱小镇(别墅),［望城区-雷锋大道北］雷锋大道558号
长燃新奥佳园,［望城区-金星北大道］普瑞大道
金地自在城,［望城区-雷锋大道北］雷锋大道
金泽园小区,［望城区-望城新区政府］黄金中路
荣盛岳麓峰景,［望城区-金星北大道］黄金西路,近东方红路
联诚国际城,［望城区-望城新区政府］高塘岭大道
勤诚达境界城,［望城区-金星北大道］银杉路,近普瑞大道
大汉汉园,［望城区-金星北大道］雷锋大道999号
正荣财富中心(南区),［望城区-雷锋大道北］望府路
百合湖滨,［望城区-望城新区政府］文源路188号
万业巴厘岛(别墅),［望城区-雷锋大道北］太阳山路
山水英伦庄园(别墅),［望城区-金星北大道］正兴路118号
大汉汉园(别墅),［望城区-雷锋大道北］雷锋大道999号
长沙玫瑰园(别墅),［望城区-金星北大道］金星北路
金湘苑小区,［望城区-雷锋大道北］黄金东路
新城国际花都D区,［望城区-金星北大道］雷锋大道,金圆路
尚公馆,［望城区-金星北大道］金星大道508号
盛腾学林西岸,［望城区-金星北大道］盛腾路
山水蓝天,［望城区-雷锋大道北］航空路1号
润和之悦,［望城区-雷锋大道北］普瑞大道
湘路家园,［望城区-雷锋大道北］金星北路
乾源国际广场公寓,［望城区-金星北大道］银星路,近金星北路
润和长郡,［望城区-金星北大道］黄金东路,近月亮岛路
景城苑,［望城区-望城新区政府］新塘路
金桥国际,［望城区-雷锋大道北］普瑞大道188号
润和又一城一期,［望城区-金星北大道］金星北路
双盈卧龙湾,［望城区-金星北大道］金星北路305号
润和又一城二期,［望城区-金星北大道］月亮岛路
时代年华,［望城区-金星北大道］雷锋大道,近黄金大道
太阳城,［望城区-月亮岛］普瑞大道,近银杉路
新城国际花都E区,［望城区-金星北大道］雷锋大道,近吴家冲路
中鼎江岸花城,［望城区-望城新区政府］郭亮北路70号
润和长郡(二期),［望城区-金星北大道］月亮岛路
裕田奥莱小镇,［望城区-雷锋大道北］雷锋大道558号
星月绿洲,［望城区-金星北大道］普瑞大道
龙湖湘风原著(别墅),［望城区-金星北大道］银星路
新雅黄金苑,［望城区-金星北大道］雷锋大道
兴邦花城,［望城区-望城新区政府］杨水塘路
富基世纪公园桃园,［望城区-金星北大道］普瑞大道二段888号
金地三千府(别墅),［望城区-金星北大道］雷锋大道
新城国际花都A区,［望城区-雷锋大道北］雷锋大道
观龙湖,［望城区-雷锋大道北］雷锋大道
紫鑫御湖湾,［望城区-望城新区政府］文源东路
中南三村,［望城区-望城新区政府］郭亮中路
中粮自然天城,［望城区-金星北大道］雷锋大道
新华联铜官窑古镇,［望城区-望城新区政府］湘江大道景观段
山与墅,［望城区-金星北大道］金星北路221号
山与墅(别墅),［望城区-金星北大道］金星北路221号
高域自然城,［望城区-金星北大道］八曲河路
时代倾城遇见,［望城区-金星北大道］银杉路,近银星路
港湘新天地,［望城区-金星北大道］金星北路四段89号
长房星珑湾,［望城区-望城新区政府］马桥河路,近同心路
嘉宇北部湾,［望城区-望城新区政府］湘江北路
银华山庄,［望城区-金星北大道］枫林三路
润和湘江天境苑,［望城区-金星北大道］潇湘大道,近普瑞大道
学府星城,［望城区-金星北大道］芙蓉北路,近太阳山路
澳海望洲府,［望城区-望城新区政府］普瑞大道,近沿河路
丽景华庭(南区),［望城区-望城新区政府］西塘东路
龙湖Z宸原著,［望城区-金星北大道］银星路555号
万润滨江天著,［望城区-金星北大道］普瑞大道,近银杉路
星城公馆,［望城区-望城新区政府］望城大道
南山苏迪亚诺(别墅),［望城区-金星北大道］金星北路三段399号
富基世纪公园银杏园,［望城区-金星北大道］普瑞大道二段888号
金富星城,［望城区-金星北大道］澳海路
信城湘江揽月,［望城区-月亮岛］潇湘北大道
麓谷和润园,［望城区-金星北大道］龙回塘路
晟通城(别墅),［望城区-雷锋大道北］金星路109号
湘峰广场,［望城区-望城新区政府］望城大道96号
黄金一区,［望城区-金星北大道］普瑞大道139号
绿城高尔夫小镇,［望城区-金星北大道］黄金中路
新华联梦想城,［望城区-金星北大道］银星路,近金甲冲路
山湖鹭岛,［望城区-望城新区政府］芙蓉北路
润和滨江府,［望城区-金星北大道］月亮岛路
丽景华庭(北区),［望城区-望城新区政府］雷锋大道25号
润和紫郡(别墅),［望城区-金星北大道］黄金东路
金富北城,［望城区-雷锋大道北］445乡道
熙庭原著,［望城区-雷锋大道北］雷锋大道
联诚花园,［望城区-望城新区政府］雷峰东路
中粮鸿云,［望城区-金星北大道］雷锋大道839号
时代倾城(三期),［望城区-金星北大道］金星北大道博士路
美的翰城,［望城区-金星北大道］雷锋大道,近普瑞大道
新地东方明珠(别墅),［望城区-金星北大道］金星大道209号
金子湾商业广场,［望城区-金星北大道］芙蓉北路
普瑞斯堡(别墅),［望城区-金星北大道］普瑞大道
鸿海公园里,［望城区-望城新区政府］马桥河,近同心路
普瑞斯堡(B区),［望城区-金星北大道］普瑞大道
大汉汉府,［望城区-雷锋大道北］484乡道
富基春晖花园,［望城区-普瑞东路］永通大道二段800号
才子城(商住楼),［望城区-望城新区政府］聚缘路,近莲湖路
光明碧桂园培文府,［望城区-金星北大道］月亮岛路,近雷锋大道
富兴悦府,［望城区-金星北大道］雷锋大道,近普瑞大道
帝辰金缇水郡,［望城区-望城新区政府］湘江大道,近丁江路
雷锋机电建材市场,［望城区-望城新区政府］枫林三路
亿达智造小镇,［望城区-望城新区政府］腾飞路,近郭亮路
长沙融创城,［望城区-望城新区政府］开福大道,近汤家湖路
朗诗麓岛,［望城区-望城新区政府］雷锋大道2399号
红建滨水铭城,［望城区-雷锋大道北］东马路
雷锋农产品批发大市场,［望城区-望城新区政府］枫林三路1839号
润和山水郡,［望城区-金星北大道］黄金东路
润和美郡,［望城区-金星北大道］谷山路,近银星路
月亮岛公寓,［望城区-月亮岛］金星北路
中南一村,［望城区-雷锋大道北］郭亮中路
北城天籁,［望城区-金星北大道］书堂大道
星澜之悦,［望城区-金星北大道］月亮岛路,近普瑞大道
红建滨水名都,［望城区-望城新区政府］望城大道
长高圆梦佳苑,［望城区-金星北大道］金星北路,近月亮岛路
润和滨江广场,［望城区-金星北大道］金星北路
荷塘月色,［望城区-望城新区政府］金星北路
龙湖紫宸,［望城区-金星北大道］金甲冲路777号
华润桃源里,［望城区-望城新区政府］潇湘北路
新城国际花都(五期),［望城区-金星北大道］新巷南路,近银星路
悦禧山庄水榭花都,［望城区-普瑞东路］雷锋大道
富基世纪公园香樟园,［望城区-普瑞东路］普瑞东路
时代倾城五期,［望城区-金星北大道］金星北路
碧桂园御园,［望城区-金星北大道］雷锋大道路口,近月亮岛路
澳海望洲府(别墅),［望城区-雷锋大道北］普瑞大道,近沿河路
碧桂园高尔夫花园,［望城区-金星北大道］雷锋大道,近黄金西路
中南四村,［望城区-雷锋大道北］郭亮中路248号
景悦祥和文苑,［望城区-雷锋大道北］文源西路66号
城中小区,［望城区-望城新区政府］洪公塘路1号
红建华府,［望城区-望城新区政府］郭亮北路
中新森林海(别墅),［望城区-望城新区政府］雷锋大道
龙湖湘风星城(别墅),［望城区-金星北大道］银星路555号
中南二村,［望城区-金星北大道］郭亮路
上居壹品,［望城区-望城新区政府］郭亮北路225号
双龙警苑,［望城区-望城新区政府］望城大道
湖南省废旧物资交易大市场,［望城区-雷锋大道北］雷锋大道
洲岛长滩,［望城区-金星北大道］普瑞大道
长燃润和天地悦公馆,［望城区-月亮岛］潇湘北大道,近普瑞东路
山水蓝天小区,［望城区-望城新区政府］同心路
联诚雅郡,［望城区-望城新区政府］雷峰东路
普瑞斯堡(C区),［望城区-金星北大道］普瑞大道
联诚现代城,［望城区-望城新区政府］高塘岭大道
新都小区,［望城区-雷锋大道北］望城大道
月亮河畔,［望城区-望城新区政府］马桥河路,近月亮岛路
碧桂园高尔夫花园(别墅),［望城区-金星北大道］雷锋大道,近黄金西路
征鸿城市时光,［望城区-雷锋大道北］雷锋大道1389号
大汉公园里,［望城区-普瑞大道西］望城大道
顺舟望城,［望城区-金星北大道］银星路,近桑梓二路
润和湘江天境苑(无效),［望城区-月亮岛］潇湘大道,近月亮岛路
恒都苑,［望城区-望城新区政府］雷锋东路25号
望福佳园,［望城区-望城新区政府］郭亮路448号
高塘览胜,［望城区-望城新区政府］郭亮南路
山水英伦海德广场,［望城区-普瑞大道西］枫林三路
美的翰城(商住楼),［望城区-金星北大道］雷锋大道,近星月路
红旺市场,［望城区-望城新区政府］郭亮中路188号
润和中央广场,［望城区-望城新区政府］金星大道,近南塘路
美来美商业广场,［望城区-望城新区政府］芙蓉北路
红建金城,［望城区-望城新区政府］郭亮中路259号
碧桂园培元府,［望城区-金星北大道］雷锋大道,近月亮岛路
康乃馨国际老年生活示范城,［望城区-金星北大道］银星路
竹影新园,［望城区-普瑞大道］星城路,近黄金大道
同心花园,［望城区-雷锋大道北］金星大道,近腾飞路
望城新星小区,［望城区-望城新区政府］郭亮北路,近高塘岭西街
红建大厦,［望城区-望城新区政府］郭亮中路259号
人民医院宿舍,［望城区-望城新区政府］郭亮北路
荟芳锦园,［望城区-金星北大道］雷锋大道
开利星空城市公馆,［望城区-普瑞大道西］普瑞西路
雷锋小区,［望城区-望城新区政府］体育西路,近中南路
海利老宿舍,［望城区-望城新区政府］高塘岭西街182号
白芙塘小区,［望城区-望城新区政府］郭亮中路
莲湖新村,［望城区-望城新区政府］高塘岭大道
望城区公路局宿舍,［望城区-普瑞东路］雷锋大道
聚宾小区,［望城区-望城新区政府］雷锋西路,近郭亮北路
厚朴国际商业广场,［望城区-望城新区政府］洪公塘路,近旺旺中路
恒利苑,［望城区-望城新区政府］旺旺中路245号
新月小区,［望城区-月亮岛］普瑞东路辅路
金峰园小区,［望城区-金星北大道］银星路
望城粮食局宿舍,［望城区-望城新区政府］文源西路
中华岭村,［望城区-金星北大道］月亮岛街道11号
西街小区,［望城区-望城新区政府］西街44号
西塘小区,［望城区-雷锋大道北］西塘街
望邮公寓,［望城区-望城新区政府］望城大道61号
景悦祥苑,［望城区-望城新区政府］雷锋东路
金桑园小区,［望城区-玫瑰园］金星北路
旭塘重建地,［望城区-望城步行街］普瑞西路
大湖家园,［望城区-普瑞东路］金星北路
刘家塘小区,［望城区-望城新区政府］雷锋北大道
卫计小区,［望城区-望城新区政府］郭亮北路425号
青山家园(望城),［望城区-普瑞东路］黄金大道
星城镇东马村自建房,［望城区-雷锋大道北］雷锋大道辅路
望城储备库宿舍,［望城区-望城新区政府］郭亮南路298号
金悦花园,［望城区-普瑞大道西］黄金大道
高星西铁新城,［望城区-普瑞大道西］普瑞西路
金城小区,［望城区-普瑞大道西］金洲大道
望城大道128号小区,［望城区-望城新区政府］望城大道128号
电材小区,［望城区-望城新区政府］郭亮北路
百花园艺,［望城区-望城新区政府］郭亮中路365号
横塘新村,［望城区-望城新区政府］雷锋大道22号
东马重建地自建房,［望城区-雷锋大道北］雷锋大道
七峰花园,［望城区-普瑞东路］银星路
乌龙塘小区,［望城区-雷锋大道北］黄金西路
喻家坡小区,［望城区-望城新区政府］前进南路51号
科腾商贸建材市场,［望城区-望城新区政府］旺旺中路88号
嘉福园,［望城区-望城新区政府］郭亮北路
胜利佳园,［望城区-望城步行街］雷锋北大道
中国移动望城区分公司宿舍,［望城区-望城新区政府］高塘岭大道1号
红氮南院,［望城区-望城步行街］高塘西街59号
鸿家隆,［望城区-望城新区政府］102国道
湘江重建地,［望城区-金星北大道］银星路,近银杉路
燕坡重建地,［望城区-望城新区政府］雷锋北大道
恒源商厦,［望城区-雷锋大道北］101省道
体育西路76号小区,［望城区-望城步行街］体育西路
连江路40号小区,［望城区-望城步行街］连江路40号
润和谷山郡,［望城区-普瑞东路］雷锋大道
和康园小区,［望城区-普瑞东路］星星大道
戴公桥村唐家组自建房,［望城区-望城新区政府］芙蓉北大道
湘台生态度假别墅,［望城区-望城新区政府］雷锋北大道77号
领航公馆,［望城区-望城新区政府］取忠路,近杨水塘路
桥头家苑,［望城区-望城新区政府］文明路,近枫林三路
创寓SOHO,［望城区-望城新区政府］金星北路599号
银星小区,［望城区-金星北大道］银杉路,近北二环
熙庭原著(商住楼),［望城区-望城新区政府］雷锋大道
枫林雅苑,［望城区-望城新区政府］枫林西路
学府星城(商住楼),［望城区-望城新区政府］外贸路
上实望府里,［望城区-望城新区政府］望府路
爱晚花园,［望城区-望城新区政府］黄桥大道
谷山逸墅,［望城区-玫瑰园］金星北段209号
桂芳佳园,［望城区-雷锋大道北］雷高路
乐都景苑,［望城区-雷锋大道北］芙蓉北路
双龙鑫旺园,［望城区-雷锋大道北］取忠路
盛腾雅苑,［望城区-金星北大道］466乡道
锦绣佳苑,［望城区-雷锋大道北］高裕中路202号
熙庭原著(别墅),［望城区-雷锋大道北］雷锋大道
银华山庄(别墅),［望城区-雷锋大道北］枫林三路
银华山庄(B区),［望城区-雷锋大道北］枫林三路
星月小区,［望城区-金星北大道］普瑞大道
新塘小区,［望城区-金星北大道］取忠路
教工宿舍,［望城区-金星北大道］郭亮南路
望银小区,［望城区-雷锋大道北］文源中路
湾田国际,［望城区-金星北大道］太阳山路388号
原矿管办宿舍,［望城区-金星北大道］文源中路85号
名苑别墅,［望城区-金星北大道］雷锋大道
东马小区,［望城区-雷锋大道北］金星西路
家馨园,［望城区-望城新区政府］望城大道98号
聚融水溪上,［望城区-雷锋大道北］雷锋大道2399号
金甲苑,［望城区-金星北大道］金星北路
嘉乐富小区,［望城区-望城新区政府］雷锋东路
李家湾小区,［望城区-雷锋大道北］望城大道290号
景悦和苑,［望城区-望城新区政府］郭亮中路59号
江山韵,［望城区-金星北大道］普瑞大道278号
丹枫雅苑,［望城区-金星北大道］雷锋大道
安子坡小区,［望城区-雷锋大道北］泰嘉路
合能湘江公馆,［望城区-普瑞东路］湘江北路
越秀亲爱里,［望城区-普瑞大道西］红枫路,近星星大道
