恒大华府(浏阳),［浏阳市-浏阳市区］白沙东路
新月半岛(一期),［浏阳市-浏阳市区］唐家洲三路111号
大鹏湾,［浏阳市-浏阳市区］长礼路
水岸山城,［浏阳市-浏阳市区］天马路
君悦天下,［浏阳市-浏阳市区］庆泰南路
太悦城,［浏阳市-浏阳市区］花炮大道580号
利通水岸山城御峰,［浏阳市-浏阳市区］天马路,近荷塘路
东紫门,［浏阳市-浏阳市区］环府路10号
财智广场兰亭苑,［浏阳市-浏阳市区］花炮大道239号
首之都公馆,［浏阳市-浏阳市区］禧和路
香槟现代城,［浏阳市-浏阳市区］锦程大道
浏金水岸,［浏阳市-浏阳市区］天马路47号
天马花园,［浏阳市-浏阳市区］天马路,近花炮大道
财智广场逸景苑,［浏阳市-浏阳市区］白沙中路129号
浏阳碧桂园(别墅),［浏阳市-浏阳市区］碧桂园路121号
中央公园,［浏阳市-浏阳市区］金沙中路371号
东玉燕宁苑,［浏阳市-浏阳市区］燎原南路
创意东方新天地,［浏阳市-浏阳市区］碧桂园路
理想家园,［浏阳市-浏阳市区］北正北路394号
君悦华府,［浏阳市-浏阳市区］龚家桥路163号
劳动家园,［浏阳市-浏阳市区］劳动中路119号
鸿宇公馆,［浏阳市-浏阳市区］车站中路
名河鑫都,［浏阳市-浏阳市区］圭斋路172号
香山国际名苑,［浏阳市-浏阳市区］劳动中路45号
河畔阳光,［浏阳市-浏阳市区］才常路180号
新奥林花园,［浏阳市-浏阳市区］劳动北路55号
威尼斯国际花园,［浏阳市-浏阳市区］浏阳大道
华盛彩虹城,［浏阳市-浏阳市区］金沙北路860号
金科山水洲,［浏阳市-浏阳市区］036县道
亚大国际新城,［浏阳市-浏阳市区］浏阳大道269号
鸿宇广场,［浏阳市-浏阳市区］	金沙中路360号
盛世华庭,［浏阳市-浏阳市区］天马路
早城二期,［浏阳市-浏阳市区］天马路290号
书香雅郡,［浏阳市-浏阳市区］双拥东路21号
财富新世界,［浏阳市-浏阳市区］青阳山路36号
碧景湾,［浏阳市-浏阳市区］天马路257号
银天长兴湖壹号,［浏阳市-浏阳市区］道吾山东路,近泰安路
银天佳苑,［浏阳市-浏阳市区］将军路
金地天马新城,［浏阳市-浏阳市区］天马路187号
福临世家,［浏阳市-浏阳市区］金沙中路二巷20号
北岭春城,［浏阳市-浏阳市区］车站路121号
恒宜新村,［浏阳市-浏阳市区］石霜路268号
金沙信息城,［浏阳市-浏阳市区］金沙中路182号
世纪星城,［浏阳市-浏阳市区］将军路1号
鑫远名城,［浏阳市-浏阳市区］车站东路
梅花小区,［浏阳市-浏阳市区］劳动南路29号
西子印象,［浏阳市-浏阳市区］思邈路50号
湖南省质量技术监督局宿舍,［浏阳市-浏阳市区］劳动中路127号
恒大华府三期(浏阳）,［浏阳市-浏阳市区］复兴南路
泰平盛世,［浏阳市-浏阳市区］人民路72号
翠园公寓,［浏阳市-浏阳市区］翠园路17号
百成苑,［浏阳市-浏阳市区］石霜路
君悦公馆,［浏阳市-浏阳市区］龚家桥路65号
金马新家园南院,［浏阳市-浏阳市区］大塘路二段79号
醴浏大厦,［浏阳市-浏阳市区］人民中路36号
福临体育新城,［浏阳市-浏阳市区］劳动北路
鸿福源,［浏阳市-浏阳市区］劳动中路92号
嘉悦城,［浏阳市-浏阳市区］花炮大道
外滩1号,［浏阳市-浏阳市区］唐家洲二路,近将军路
金福世纪花园,［浏阳市-浏阳市区］湘鹏路
财智广场星河苑,［浏阳市-浏阳市区］白沙中路67号
黄泥湾小区,［浏阳市-浏阳市区］车站西路47号
优仕领域,［浏阳市-浏阳市区］才常路93号
金阳小区,［浏阳市-浏阳市区］淮东路33号
天顺御景城,［浏阳市-浏阳市区］相台路
仁达花园,［浏阳市-浏阳市区］人民西路69号
紫云阁小区,［浏阳市-浏阳市区］圭斋东路18号
正宜园小区,［浏阳市-浏阳市区］北正北路206号
君悦阳光城,［浏阳市-浏阳市区］白沙西路,近南川路
正园楼,［浏阳市-浏阳市区］梅花一街22号
移动花园,［浏阳市-浏阳市区］禧和路49号
永磷小区,［浏阳市-浏阳市区］金沙北路
福临天下,［浏阳市-浏阳市区］金沙中路139号
宜和家园,［浏阳市-浏阳市区］北正北路291号
华龙大厦,［浏阳市-浏阳市区］金沙中路104号
嘉信新城,［浏阳市-浏阳市区］金沙北路728号
创意花园,［浏阳市-浏阳市区］圭斋西路
百合花园,［浏阳市-浏阳市区］北正北路300号
阳光家园,［浏阳市-浏阳市区］大塘路一段208号
浏河家园,［浏阳市-浏阳市区］金沙北路424号
福临公寓,［浏阳市-浏阳市区］纸槽街15号
浏阳碧桂园岭誉(二期别墅),［浏阳市-浏阳市区］东沙路
碧桂园岭秀苑(别墅),［浏阳市-浏阳市区］庆泰中路,近道吾山路
四季花城(浏阳市),［浏阳市-浏阳市区］道吾山东路186号
早城,［浏阳市-浏阳市区］剧院路62号
平鼎景都,［浏阳市-浏阳市区］浏阳大道317号
碧桂园观澜苑,［浏阳市-浏阳市区］碧桂园路121号
浏阳碧桂园,［浏阳市-浏阳市区］碧桂园路121号
浏阳碧桂园岭誉(二期),［浏阳市-浏阳市区］东沙路
金沙花园,［浏阳市-浏阳市区］淮洲东街45号
金都人和大厦,［浏阳市-浏阳市区］北正北路232号
华野新城,［浏阳市-浏阳市区］永安大道
一品天下,［浏阳市-浏阳市区］花炮大道344号
长城戎苑,［浏阳市-浏阳市区］浏阳大道113号
建兴园(一期),［浏阳市-浏阳市区］才常路
冠湘公寓,［浏阳市-浏阳市区］北正北路85号
朝阳家园,［浏阳市-浏阳市区］浏阳大道
碧桂园凤凰郡(别墅),［浏阳市-浏阳市区］菊花石中路
奥园广场,［浏阳市-浏阳市区］锦程大道,近复兴路
丽都花苑,［浏阳市-浏阳市区］大塘路一段203号
亚大国际新城(别墅),［浏阳市-浏阳市区］浏阳大道269号
碧桂园岭誉(一期),［浏阳市-浏阳市区］石霜北路123号
百顺大厦,［浏阳市-浏阳市区］礼花路二段
礼花路一段19号自建房,［浏阳市-浏阳市区］礼花路一段19号
金马新家园,［浏阳市-浏阳市区］大塘路二段
金沙公寓,［浏阳市-浏阳市区］金沙北路85号
荷花园社区,［浏阳市-浏阳市区］金沙南路
碧桂园城市花园(浏阳),［浏阳市-浏阳市区］道吾山路,近庆泰路
龚家桥小区,［浏阳市-浏阳市区］湘鹏路44号
阳光公寓,［浏阳市-浏阳市区］龙泉港路21号
财智广场嘉和苑,［浏阳市-浏阳市区］白沙中路222号
马鞍山小区,［浏阳市-浏阳市区］淮洲西街17号
湘顺第一村,［浏阳市-浏阳市区］罗家坝路41号
利通太悦城悦府,［浏阳市-浏阳市区］花炮大道
和悦嘉苑,［浏阳市-浏阳市区］东沙路
德政园,［浏阳市-浏阳市区］浏东公路,近浏阳大道
建兴园(二期),［浏阳市-浏阳市区］才常路96号
开心广场,［浏阳市-浏阳市区］花炮大道251号
新城国际,［浏阳市-浏阳市区］礼花路一段,近花炮大道
通源国际,［浏阳市-浏阳市区］北正北路
兴奥阳光,［浏阳市-浏阳市区］劳动北路133号
福兴家园,［浏阳市-浏阳市区］金沙北路885-887号
富年华大厦,［浏阳市-浏阳市区］礼花路
美的凤凰山,［浏阳市-浏阳市区］吾山路,近复兴路
金桥公寓,［浏阳市-浏阳市区］孙隐路25号
北麓公寓,［浏阳市-浏阳市区］车站中路36号
恒大华府二期(浏阳）,［浏阳市-浏阳市区］合燕冲路
指背冲小区,［浏阳市-浏阳市区］指背冲9号
福兴源小区,［浏阳市-浏阳市区］车站中路2号
鑫墅园,［浏阳市-浏阳市区］淮洲西街14号
东方丽苑,［浏阳市-浏阳市区］110县道
浏宾公寓,［浏阳市-浏阳市区］嗣同路160号
财富公寓,［浏阳市-浏阳市区］劳动中路1号
创意长兴湖铂悦城,［浏阳市-浏阳市区］锦程大道,近白沙东路
缘和公寓,［浏阳市-浏阳市区］石霜路87号
君悦天虹,［浏阳市-浏阳市区］花炮大道
紫星园,［浏阳市-浏阳市区］康翼路84号
新世纪花园,［浏阳市-浏阳市区］淮洲西街82号
永安公寓,［浏阳市-浏阳市区］金沙中路617号
金马大楼,［浏阳市-浏阳市区］金沙北路
金果家园,［浏阳市-浏阳市区］龙泉港路22号
龚家桥社区,［浏阳市-浏阳市区］白沙中路7号
北岭顺天新城,［浏阳市-浏阳市区］车站中路
城东小区,［浏阳市-浏阳市区］复兴南路51号
礼花城融城尚都,［浏阳市-浏阳市区］北正北路
彩虹谷,［浏阳市-浏阳市区］浏阳大道375号
浏阳碧桂园西区,［浏阳市-浏阳市区］庆泰中路
碧桂园岭秀苑,［浏阳市-浏阳市区］庆泰中路
中央国际广场,［浏阳市-浏阳市区］邮电路
官兴东楼,［浏阳市-浏阳市区］礼花路一段
声威公寓,［浏阳市-浏阳市区］金沙北路一巷42号
建家园小区,［浏阳市-浏阳市区］百川里路59号
金都大厦,［浏阳市-浏阳市区］圭斋东路
双顺家园,［浏阳市-浏阳市区］石霜路126号
梅花苑,［浏阳市-浏阳市区］梅花二街11号
浏阳河中学教师公寓,［浏阳市-浏阳市区］翠园路72号
东润万象城,［浏阳市-浏阳市区］康宁路84号
西园公寓,［浏阳市-浏阳市区］人民西路60号
威尼斯国际花园(别墅),［浏阳市-浏阳市区］浏阳大道
闲庭春韵,［浏阳市-浏阳市区］北正北路45号
方竹路23号小区,［浏阳市-浏阳市区］方竹路23号
北旺里54号小区,［浏阳市-浏阳市区］劳动北路145号
鸿发公寓,［浏阳市-浏阳市区］圭斋东路8号
华润新都汇,［浏阳市-浏阳市区］永福路6号
万景桃花源(别墅),［浏阳市-浏阳市区］金沙北路587号
安居园小区,［浏阳市-浏阳市区］思邈路57号
碧桂园凤凰郡,［浏阳市-浏阳市区］东沙路
劳动路工商局小区,［浏阳市-浏阳市区］劳动中路208号
平安小区,［浏阳市-浏阳市区］平安村31号
浏阳市甘家冲馨园小区,［浏阳市-浏阳市区］指背冲路,近甘家冲路
红盾小区,［浏阳市-浏阳市区］贵苑路
金沙北路76号小区,［浏阳市-浏阳市区］金沙北路76号
天马山小区,［浏阳市-浏阳市区］天马路
唐洲安置区,［浏阳市-浏阳市区］天马路
粮丰园,［浏阳市-浏阳市区］人民东路39号
阳光至尊,［浏阳市-浏阳市区］迎宾东路
水木青华(别墅),［浏阳市-浏阳市区］双拥东路3号
金太阳安居楼,［浏阳市-浏阳市区］枫树街8号
教师新村(浏阳),［浏阳市-浏阳市区］浏阳大道,近东沙路
彩虹谷(别墅),［浏阳市-浏阳市区］浏阳大道375号
博大中央广场,［浏阳市-浏阳市区］永阳路,近永明路
卫技新村,［浏阳市-浏阳市区］礼花路一段,近北正北路
新颐家园,［浏阳市-浏阳市区］北正北路250号
东沙新村一区,［浏阳市-浏阳市区］燎原中路
北正北路28号楼,［浏阳市-浏阳市区］北正北路28号
新屋岭安置小区,［浏阳市-浏阳市区］白沙西路,近集里路
劳动技校小区,［浏阳市-浏阳市区］金沙中路57号
17号公寓,［浏阳市-浏阳市区］彭家巷
新屋岭安置小区二期,［浏阳市-浏阳市区］百宜路
礼花城天骄,［浏阳市-浏阳市区］花炮大道116号
黄泥湾路90号小区,［浏阳市-浏阳市区］037乡道
南园安置小区,［浏阳市-浏阳市区］府前路
中国银行宿舍(浏阳),［浏阳市-浏阳市区］北正中路
锦华园,［浏阳市-浏阳市区］花炮大道
金桥村七子樟小区,［浏阳市-浏阳市区］西北环线
圭斋西路化工厂宿舍,［浏阳市-浏阳市区］圭斋西路
浏阳市工业园小区,［浏阳市-浏阳市区］康宁路
花炮市场,［浏阳市-浏阳市区］花炮一路
浏阳市国税局宿舍,［浏阳市-浏阳市区］白沙路
浏阳人大小区,［浏阳市-浏阳市区］白沙路48号
嘉利华庭,［浏阳市-浏阳市区］浏永公路,近府前路
水塘组3号自建房,［浏阳市-浏阳市区］金沙南路485号
鸿发园,［浏阳市-浏阳市区］黄泥岭路
浏阳金龙大厦,［浏阳市-浏阳市区］金沙南路36号
金沙北路833号自建房,［浏阳市-浏阳市区］金沙北路833号
浏阳市荷兴小区,［浏阳市-浏阳市区］荷兴路
氮肥厂宿舍,［浏阳市-浏阳市区］河西路89号
胡家组自建房,［浏阳市-浏阳市区］金沙南路353号
浏阳市豪兴街11号小区,［浏阳市-浏阳市区］浏阳市豪兴街11号
龙小区,［浏阳市-浏阳市区］劳动北路10号
天和公寓,［浏阳市-浏阳市区］大塘路一段169号
净化厂宿舍区,［浏阳市-浏阳市区］车站中路17号
金城公寓,［浏阳市-浏阳市区］车站中路58号
浏阳锦程苑,［浏阳市-浏阳市区］复兴中路,近环府路
祥和苑(浏阳),［浏阳市-浏阳市区］北正北路415号
北辰小区,［浏阳市-浏阳市区］康万路
桂花园小区,［浏阳市-浏阳市区］淮洲西街17号
鑫隆大厦,［浏阳市-浏阳市区］花炮大道
礼花小区,［浏阳市-浏阳市区］礼花路二段246号
西顺楼,［浏阳市-浏阳市区］云竹路
浏阳市教委宿舍,［浏阳市-浏阳市区］金沙中路
百顺园,［浏阳市-浏阳市区］北正北路203号
农机大院,［浏阳市-浏阳市区］望阳巷2号
长兴安置区,［浏阳市-浏阳市区］道吾山东路
嘉利新世界,［浏阳市-浏阳市区］319国道,近牛泸路
千鹭湖国际度假区,［浏阳市-浏阳市区］永安镇8号
花炮新村,［浏阳市-浏阳市区］车站东路30号
丰福园,［浏阳市-浏阳市区］北旺里11号
电信宿舍小区,［浏阳市-浏阳市区］金沙中路4巷9号
城东社区(一区),［浏阳市-浏阳市区］淮东中路26号
思邈楼,［浏阳市-浏阳市区］圭斋东路177号
浏阳圣大云天,［浏阳市-浏阳市区］复兴路,近道吾山路
金富豪庭,［浏阳市-浏阳市区］新城大道
宜华山水名城,［浏阳市-浏阳市区］康成路,近康翼路
安阳家园,［浏阳市-浏阳市区］柳冲路
瑶发街127号小区,［浏阳市-浏阳市区］瑶发街127号
金杏家园,［浏阳市-浏阳市区］礼花路内大塘路二段41号
滨海新干线,［浏阳市-浏阳市区］大安路,近永泰路
嘉利蓉苑,［浏阳市-浏阳市区］南园南路95号
中梁御府,［浏阳市-浏阳市区］复兴路
安康家园,［浏阳市-浏阳市区］白沙东路,近合燕冲路
碧桂园时代城,［浏阳市-浏阳市区］道吾山路,近禧和路
永安步行街,［浏阳市-浏阳市区］永安东路272号
融亨嘉洲豪庭,［浏阳市-浏阳市区］103省道
中央财富广场,［浏阳市-浏阳市区］健寿大道1号
龙腾国际广场,［浏阳市-浏阳市区］健寿大道311号
城东新村(二区),［浏阳市-浏阳市区］淮东东路
金雅园,［浏阳市-浏阳市区］金沙北路61号
大塘佳苑,［浏阳市-浏阳市区］大塘路13号
天际凤凰岛(别墅),［浏阳市-浏阳市区］上新街
鑫墅园(别墅),［浏阳市-浏阳市区］淮洲西街14号
金汇御景花园,［浏阳市-浏阳市区］枫林路
鑫岛明珠,［浏阳市-浏阳市区］礼花路二段
禧和园,［浏阳市-浏阳市区］金沙北路868号
禧园阁,［浏阳市-浏阳市区］花炮大道8号
万景桃花源,［浏阳市-浏阳市区］金沙北路587号
世纪大厦,［浏阳市-浏阳市区］人民中路143号
西湖公寓,［浏阳市-浏阳市区］人民西路25号
天际凤凰岛,［浏阳市-浏阳市区］上新街
星岛花园,［浏阳市-浏阳市区］健寿大道99号
永安花园,［浏阳市-浏阳市区］中和西街
煤炭公司宿舍,［浏阳市-浏阳市区］北川里5号
欧洲城小区(浏阳),［浏阳市-浏阳市区］健寿大道
凯旋豪廷,［浏阳市-浏阳市区］永阳路
名河依山郡,［浏阳市-浏阳市区］黄泥岭路
水木青华,［浏阳市-浏阳市区］浏阳大道87号
美林花苑,［浏阳市-浏阳市区］大塘路
永盛家园,［浏阳市-浏阳市区］永安西路80号
金雅阁商住楼,［浏阳市-浏阳市区］北正北路
金星大厦,［浏阳市-浏阳市区］车站西路78号
汉塘小区,［浏阳市-浏阳市区］白沙中路
浏阳市教师村,［浏阳市-浏阳市区］浏阳大道
东沙新村二区,［浏阳市-浏阳市区］燎原中路
金沙大楼,［浏阳市-浏阳市区］金沙北路373号
汇龙名苑,［浏阳市-浏阳市区］康翼路53号
鼎鹰广场,［浏阳市-浏阳市区］金沙中路176号
翠屏楼,［浏阳市-浏阳市区］列园巷6号
礼耕小区,［浏阳市-浏阳市区］礼耕北路
城东新村(一区),［浏阳市-浏阳市区］淮东路
和盛楼,［浏阳市-浏阳市区］花炮大道17号
滨河楼,［浏阳市-浏阳市区］人民东路128号
城市阳光,［浏阳市-浏阳市区］车站西路89-2号
锦绣嘉苑,［浏阳市-浏阳市区］健寿大道76号
百宜苑,［浏阳市-浏阳市区］石霜路163号
桂花苑,［浏阳市-浏阳市区］鼎盛路
严家冲1号小区,［浏阳市-浏阳市区］严家冲1号
