怡海星城,［天心区-暮云］高云路6号
丽发新城,［天心区-暮云］万家丽南路,近金海路
中建江山壹号,［天心区-书院路］湘江中路,近橘洲湾路
和美星城,［天心区-暮云］芙蓉南路四段977号
保利国际广场,［天心区-书院路］书院路9号
中建芙蓉嘉苑,［天心区-友阿奥特莱斯］芙蓉南路二段229号
长沙奥林匹克花园,［天心区-省政府］湘府中路189号
龙湾国际社区(别墅),［天心区-奥特莱斯广场］高云路
通用时代国际社区,［天心区-金盆岭］赤岭路215号
博林金谷,［天心区-铁道学院］新姚北路399号
华远华中心,［天心区-解放西路］湘江中路,近人民西路
保利花园,［天心区-省政府］湘府西路229号
湘江锦绣,［天心区-南郊公园］猴子石路128号
山水印象,［天心区-暮云］芙蓉南路四段1111号
富景园,［天心区-芙蓉南路］时代阳光大道西99号
克拉美丽山庄,［天心区-省政府］友谊路958号
中信文化广场雅居,［天心区-友阿奥特莱斯］中意一路
五矿紫湖香醍,［天心区-暮云］高云路,近月塘路
德泽苑,［天心区-省政府］芙蓉南路四段158号
鑫远湘府华城,［天心区-友谊路］新韶东路168号
绿地公馆,［天心区-天心区政府］芙蓉南路二段88号
鑫远和城,［天心区-友阿奥特莱斯］芙蓉南路
升远君尚嘉筑,［天心区-省政府］刘家冲中路
保利阆峰云墅,［天心区-暮云］芙蓉南路
钱隆樽品,［天心区-浦沅］芙蓉中路三段600号
万科紫台,［天心区-新开铺］湘江南路
五矿格澜郡,［天心区-暮云］万家丽南路
银桂苑,［天心区-新省政府南］新姚南路369号
金碧文华,［天心区-金盆岭］赤岭路348号
九峰小区,［天心区-芙蓉南路］新姚南路169号
长大彩虹都,［天心区-林科大］芙蓉南路一段470号
剑桥名门,［天心区-铁道学院］芙蓉南路
幸福庄园,［天心区-暮云］芙蓉南路四段1129号
中建芙蓉和苑,［天心区-芙蓉南路］芙蓉南路二段229号
荣悦台,［天心区-黄土岭］黄土岭路188号
碧桂园城市花园,［天心区-芙蓉南路］刘家冲南路599号
湘江雅颂居,［天心区-新省政府南］新韶西路398号
欧洲城,［天心区-新省政府南］五凌路328号
鑫远尚玺,［天心区-省政府］湘府西路
柠檬丽都,［天心区-铁道学院］新柠路1号
水墨林溪,［天心区-新开铺］木莲西路
橘郡礼顿山,［天心区-南湖路］芙蓉南路,近万家丽路
童话里,［天心区-友谊路］木莲冲路110号
长城水郡,［天心区-天心区政府］中意一路1068号
格兰小镇,［天心区-奥特莱斯广场］万家丽南路二段999号
星城荣域,［天心区-省政府］芙蓉南路二段9号
广厦新村,［天心区-书院路］书院南路189号
兴威帕克水岸,［天心区-新开铺］书院南路28号
金域南外滩,［天心区-书院路］书院南路
中信凯旋蓝岸,［天心区-友阿奥特莱斯］芙蓉南路
生活艺术城,［天心区-芙蓉南路］芙蓉南路二段103号
钱隆首府,［天心区-仰天湖］轻院路141号
兴汝金城,［天心区-天心区政府］园艺路,近芙蓉南路
黑金时代广场,［天心区-奥特莱斯广场］万家丽南路二段1029号
恒盛世家,［天心区-友谊路］韶山南路120号
青园,［天心区-省政府］友谊路332号
南园小区,［天心区-铁道学院］韶山南路248号
山水嘉园,［天心区-友阿奥特莱斯］新谷路368号
兰亭h岛,［天心区-铁道学院］新柠路2号
华丽家族,［天心区-书院路］书院南路215号
华天苑,［天心区-新省政府南］新姚南路198号
满庭芳,［天心区-友谊路］青园路54号
永宏佳园,［天心区-南湖路］南湖路44号
御邦,［天心区-省政府］万家丽南路
钱隆学府,［天心区-明德中学］新开铺路28号
富兴嘉城,［天心区-友谊路］新韶东路356号
磊鑫嘉苑,［天心区-长沙理工大学］万家丽南路二段898号
华远华中心国际公寓,［天心区-黄兴路步行街］湘江中路,近解放西路
建发汇金国际,［天心区-黄土岭］芙蓉中路380号
翡翠林居,［天心区-新开铺］新开铺路174号
乾城,［天心区-金盆岭］书院南路423号
润江榕园,［天心区-天心区政府］新姚南路196号
湘银嘉园,［天心区-黄土岭］赤岭路82号
工农桥社区,［天心区-白沙路］白沙路
哈佛小镇,［天心区-新省政府南］万家丽南路,近芙蓉南路
长盛岚庭,［天心区-新开铺］竹塘西路108号
鑫远湘府东苑,［天心区-天心区政府］湘府中路258号
和庄(一期),［天心区-芙蓉南路］芙蓉南路一段758号
凯富漫城,［天心区-暮云］暮云大道168号
富绿新村,［天心区-新开铺］新开铺路211号
文景领秀,［天心区-省政府］友谊西路779号
鑫远御文台,［天心区-省政府］新韶西路288号
欧园,［天心区-南湖路］南湖路25号
金房奥斯卡,［天心区-友阿奥特莱斯］披塘路
天鸿天府,［天心区-铁道学院］竹塘西路180号
南郡明珠,［天心区-暮云］中意二路471号
通泰梅岭苑,［天心区-铁道学院］芙蓉南路一段181号
南苑花园,［天心区-林科大］青园路282号
天悦嘉园,［天心区-省政府］新联路
长沙理工大学教职工住宅区,［天心区-涂家冲］芙蓉中路
仁和家园,［天心区-新开铺］木莲西路
申奥美域,［天心区-铁道学院］新姚北路398号
中信城市广场,［天心区-友阿奥特莱斯］环保西路
湘府9号,［天心区-天心区政府］五凌路298号
湘水熙园,［天心区-省政府］新联路319号
南国新城,［天心区-新开铺］书院南路115号
万芙锦城,［天心区-友谊路］林大路
昆仑和府,［天心区-暮云］中意二路818号
他城,［天心区-铁道学院］竹塘西路180号
BOBO天下城,［天心区-铁道学院］芙蓉南路368号
新世纪花苑,［天心区-侯家塘］芙蓉中路二段200号
橘郡礼顿山(别墅),［天心区-奥特莱斯广场］芙蓉南路
天翔新新家园,［天心区-新开铺］新开铺路18号
鑫天山城明珠,［天心区-暮云］中意二路
鑫远湘府华城(南区),［天心区-天心区政府］新韶东路498号
荣盛花语书苑,［天心区-书院路］经贸街125号
星语林名园,［天心区-友谊路］韶山路168号
五一新干线,［天心区-黄兴路步行街］五一大道717号
城市森林,［天心区-侯家塘］向东南路186号
巢之恋,［天心区-友谊路］木莲西路169号
中信新城,［天心区-芙蓉南路］芙蓉南路
碧桂园公园壹号,［天心区-天心周边］芙蓉南路四段1101号
卢浮原著,［天心区-长沙理工大学］万家丽南路二段968号
丽江翠园,［天心区-新开铺］下新市街51号
书院观邸,［天心区-书院路］书院路559号
鑫天山水洲城,［天心区-友谊路］友谊路159号
鑫天格林香山,［天心区-暮云］芙蓉大道,近东三线
长城雅苑西苑,［天心区-省政府］友谊路560号
轻苑小区,［天心区-侯家塘］天剑路225号
白沙晶城,［天心区-白沙路］劳动西路429号
上林国际,［天心区-铁道学院］芙蓉南路一段481号
湘诚嘉园,［天心区-友谊路］银杏路
向东园,［天心区-侯家塘］南湖路
鑫远熙山,［天心区-明德中学］新韶西路287号
君临国际,［天心区-坡子街］坡子街216号
白沙花园,［天心区-书院路］赤岭路
湘计花园,［天心区-南湖路］黄土岭路57号
韶峰星苑,［天心区-暮云］芙蓉南路三段178号
长城雅苑,［天心区-友谊路］友谊路
长坡社区,［天心区-南湖路］长坡二街
雍晟时代公馆,［天心区-林科大］木莲西路108号
万事佳景园,［天心区-新开铺］书院南路196号
怡和山庄,［天心区-友阿奥特莱斯］芙蓉南路
气象佳园,［天心区-暮云］芙蓉南路
华盛家园,［天心区-浦沅］芙蓉南路59号
涂新小区,［天心区-涂家冲］赤黄路35号
都江新苑,［天心区-书院路］书院南路725号
摩天一号,［天心区-侯家塘］芙蓉中路二段168-1号
向东南社区,［天心区-南湖路］向东南路
景泰雅苑,［天心区-南门口］裕农街69号
创世纪广场,［天心区-长沙理工大学］万家丽路,近汇金路
香墅美地,［天心区-浦沅］芙蓉南路1号
青园小区,［天心区-友谊路］曲塘路
层上观邸,［天心区-浦沅］水竹街道77号
天城尚品,［天心区-芙蓉南路］衫木冲中路288号
天剑社区,［天心区-侯家塘］天剑路
天和家园,［天心区-天心区政府］芙蓉南路二段169号
三城花苑,［天心区-暮云］中意二路
创远景园,［天心区-书院路］书院路521号
阳光嘉园(一期),［天心区-天心区政府］五凌路168号
银杏嘉园,［天心区-友谊路］银杏路
锦绣中环大厦,［天心区-黄兴路步行街］五一大道635号
仰天湖石子冲小区,［天心区-侯家塘］向东南路
明媚星城,［天心区-侯家塘］向东南路216号
鑫远杰座,［天心区-芙蓉南路］芙蓉南路828号
东能华府,［天心区-省政府］书香路756号
杏花苑小区,［天心区-书院路］东瓜山一条巷
金泰小区,［天心区-南湖路］南湖路
江岸丽都,［天心区-解放西路］湘江大道101号
湘翰御舍,［天心区-林科大］林大路341号
华新花苑,［天心区-新开铺］新开铺路213号
天心华庭,［天心区-黄兴路步行街］蔡锷南路48号
新天小区,［天心区-新开铺］新开铺路152号
石竹苑,［天心区-省政府］湘府西路199号
梦网景园,［天心区-省政府］湘府中路180号
东怡外国,［天心区-书院路］书院南路
森宇佳园,［天心区-南湖路］南湖路406号
青年汇,［天心区-奥特莱斯广场］汇金路
三王丽都,［天心区-解放西路］解放西路269号
西牌楼社区,［天心区-黄兴路步行街］三兴街
长郡花园,［天心区-南门口］上黎家坡巷
凯姆国际,［天心区-友谊路］友谊路35号
天一康园南区,［天心区-省政府］五凌路169号
芙蓉蓉苑,［天心区-黄土岭］芙蓉中路268号
御邦(别墅),［天心区-奥特莱斯广场］万家丽南路
城市风情,［天心区-侯家塘］劳动西路296号
南郡雅园,［天心区-暮云］中意二路758号
中国水电八局南托基地,［天心区-暮云］中意二路
清政园,［天心区-天心区政府］万芙北路19号
星城书香苑,［天心区-书院路］书院路206号
众东国际,［天心区-白沙路］芙蓉中路
天城湖光山色,［天心区-省政府］新韶西路229号
格兰小镇(别墅),［天心区-奥特莱斯广场］万家丽路
长沙水泵厂宿舍,［天心区-浦沅］芙蓉中路三段522号
花漾年华,［天心区-天心区政府］新姚南路200号
华悦阁,［天心区-金盆岭］书院南路
中信凯旋城,［天心区-友阿奥特莱斯］中意路111号
长城华都,［天心区-友谊路］友谊路
天心嘉园,［天心区-省政府］新姚路168号
华电湘苑,［天心区-天心区政府］新姚南路199号
比华利山,［天心区-友阿奥特莱斯］中意二路145号
二机小区,［天心区-金盆岭］书院南路302号
上庭苑,［天心区-省政府］新韶西路29号
青和上座,［天心区-黄兴路步行街］坡子街
兰景花园,［天心区-奥特莱斯广场］韶山南路684号
君临青园花都,［天心区-友谊路］友谊路318号
都市春天,［天心区-南湖路］黄土岭路2号
博林阔寓,［天心区-芙蓉南路］新姚北路
中悦领秀金都,［天心区-暮云］中意二路
BOBO国际,［天心区-坡子街］解放西路279号
华宫大厦,［天心区-侯家塘］轻院路33号
嘉盛奥美城,［天心区-侯家塘］劳动西路268号
万鑫嘉园,［天心区-友阿奥特莱斯］新梅路
乾城江来,［天心区-金盆岭］殷家冲路
大唐印象,［天心区-柑子园］芙蓉南路二段252号
中石化花园小区,［天心区-暮云］中意三路59号
福天藏郡,［天心区-暮云］芙蓉南路
富瑞星座,［天心区-省政府］万芙北路
中建偶寓,［天心区-友阿奥特莱斯］中意一路,近芙蓉南路
浪漫满屋,［天心区-友谊路］新姚北路208号
天城泰祥苑,［天心区-省政府］湘府中路226号
三兴小区,［天心区-黄兴路步行街］三兴街
福邸雅苑,［天心区-友谊路］青园路382号
新力铂园,［天心区-金盆岭］家冲路77号
北辰中央公园,［天心区-省政府］雀园路468号
城市经典,［天心区-黄兴路步行街］解放西路18号
省六建公司机关小区,［天心区-南湖路］夏家冲巷
解放四村(新),［天心区-白沙路］四村街
锦天金岸雅苑,［天心区-南湖路］书院南路539号
太傅公寓,［天心区-黄兴路步行街］太平街
湘中海星之都,［天心区-铁道学院］芙蓉南路一段158号
建鸿达现代空间,［天心区-浦沅］芙蓉中路522号
白沙世纪佳园(东区),［天心区-天心区政府］刘家冲中路6号
融源及第,［天心区-省政府］新开铺路579号
鸿信大厦,［天心区-南门口］西湖路33号
华菱蓝调国际,［天心区-芙蓉南路］芙蓉中路三段580号
解放四村教工宿舍,［天心区-书院路］裕南街190号
印湘江,［天心区-奥特莱斯广场］新韶西路399号
凯富嘉园,［天心区-暮云］南湖大道
学院新村小区,［天心区-南门口］上黎家坡巷108号
省木材公司宿舍,［天心区-黄土岭］南湖路53号
湘府邻伴,［天心区-省政府］刘家冲路
和庄(二期),［天心区-新开铺］韶山南路763号
湘林家园,［天心区-奥特莱斯广场］韶山南路708号
湖开小区,［天心区-新开铺］湖开路
天心友园,［天心区-南门口］里仁坡巷43号
三印小区,［天心区-涂家冲］韶山南路
鑫远湘府逸园,［天心区-明德中学］青山路
金秋小区,［天心区-铁道学院］新姚北路
红龙庙小区,［天心区-白沙路］红龙庙巷
卓越江岸,［天心区-友谊路］书院南路
送变电机关大院,［天心区-侯家塘］天剑路
蓝湾国际广场,［天心区-书院路］南湖路458号
汀兰雅苑,［天心区-黄兴路步行街］解放西路450号
天一康园北区,［天心区-友谊路］五凌路45号
古堆山小区,［天心区-金盆岭］沙湖街
山水南雅,［天心区-省政府］芙蓉南路
送变电宿舍,［天心区-仰天湖］东瓜山一条巷
佳逸豪园,［天心区-侯家塘］劳动西路298号
卢浮原著(别墅),［天心区-奥特莱斯广场］万家丽南路二段968号
国土局宿舍,［天心区-白沙路］白沙路231号
侯家塘化工厅大院,［天心区-侯家塘］跃进路135号
嘉盛商务广场,［天心区-白沙路］劳动西路289号
下碧湘街小区宿舍,［天心区-黄兴路步行街］下碧湘街71号
杏花园公寓,［天心区-白沙路］杏花园巷47号
涂家冲社区,［天心区-黄土岭］南湖路
湘超景园,［天心区-奥特莱斯广场］新韶东路339号
鑫远翡丽郡,［天心区-天心区政府］芙蓉南路
南湖公寓(天心),［天心区-黄兴路步行街］|南湖路413号
恒泰芙蓉悦府,［天心区-天心周边］芙蓉南路
芙蓉同发,［天心区-侯家塘］芙蓉中路二段116号
富绿山庄,［天心区-林科大］韶山南路576号
慢步江湾,［天心区-书院路］殷家冲路
铝厂宿舍,［天心区-友谊路］新开铺路493号
南国嘉苑,［天心区-铁道学院］竹塘西路280号
阳光嘉园(二期),［天心区-天心区政府］五凌路168号
书苑花园,［天心区-书院路］书院路104号
天心阁社区,［天心区-天心阁］高正街
海利宿舍,［天心区-天心周边］南二里牌30-31号
华景苑,［天心区-铁道学院］韶山南路
凯富南方鑫城,［天心区-天心周边］芙蓉南路,近南塘路
兴威名城,［天心区-黄土岭］芙蓉中路三段416号
涂北新村,［天心区-黄土岭］黄土岭路33号
景荣华苑,［天心区-天心区政府］刘家冲路
中建芙蓉嘉苑北区,［天心区-奥特莱斯广场］披塘路
智邦家园,［天心区-白沙路］劳动西路209号
轻工研究院宿舍,［天心区-侯家塘］天剑路231号
腾泰佳园,［天心区-天心区政府］芙蓉南路
东瓜山二村,［天心区-白沙路］东瓜山二条巷
公交金盆小区,［天心区-新开铺］书院南路258号
HC新城,［天心区-芙蓉南路］芙蓉南路
北辰中央公园(别墅),［天心区-省政府］雀园路468号
梅岭村,［天心区-铁道学院］韶山南路
裕园小区,［天心区-碧湘街］书院路
景江东方大厦,［天心区-黄兴路步行街］三泰街24号
湘电线材生活小区,［天心区-新开铺］新开铺路88号
中悦领秀城,［天心区-天心周边］芙蓉南路四段1109号
科院佳园,［天心区-友谊路］新姚北路166号
盛湘家园,［天心区-省政府］新韶西路
天天向上家园,［天心区-友谊路］木莲西路187号
华菱嘉园,［天心区-省政府］新联路
鑫远A派,［天心区-省政府］湘府路258号
长沙市第三医院宿舍,［天心区-仰天湖］劳动西路176号
华银南苑,［天心区-铁道学院］韶山中路746号
汇源大厦观景楼,［天心区-黄兴路步行街］解放西路466号
香芙嘉园,［天心区-省政府］湘府西路299号
湘凯石化大厦,［天心区-侯家塘］芙容中路三段100号
大唐印象(别墅),［天心区-柑子园］芙蓉南路二段252号
华远云玺,［天心区-黄兴路步行街］坡子街,近太平路
和泓融成府,［天心区-友阿奥特莱斯］中意二路,近万家丽路
友谊嘉园,［天心区-友谊路］友谊路
电视机厂宿舍,［天心区-天心周边］友谊路153号
环达路桥,［天心区-友谊路］友谊路257号
青山祠社区,［天心区-劳动广场］祠巷34号
金球公寓,［天心区-南门口］吴家坪巷37号
天鸿小区,［天心区-铁道学院］竹塘西路180号
东瓜山小区,［天心区-仰天湖］东瓜山一条巷246号
中建江山壹号(别墅),［天心区-南湖路］湘江中路
南郊公园宿舍,［天心区-新开铺］猴子石路
燕子岭社区,［天心区-白沙路］白沙路
弘林国际,［天心区-黄土岭］芙蓉中路三段266号
静谧园,［天心区-新开铺］湖开路
汇景发展环球中心,［天心区-白沙路］白沙路,近湘江中路
湖南省送变电建设公司仰天湖宿舍,［天心区-奥特莱斯广场］向东南路
添景阁,［天心区-南门口］蔡锷南路
泰龙华府,［天心区-南湖路］猴子石路288号
香溢豪庭,［天心区-林科大］青园路338号
阿舍南2号,［天心区-天心周边］伊莱克斯大道
新悦家园,［天心区-新开铺］莲花山巷82号
嘉顿新天地,［天心区-黄兴路步行街］五一路655号
佛奥康桥水岸,［天心区-暮云］南湖大道,近南北干道
融城小区(别墅),［天心区-奥特莱斯广场］暮云大道
九峰安置小区,［天心区-省政府］书香路
奥莱名邸,［天心区-大托铺机场口］果子园路,近新谷路
楚天阁,［天心区-侯家塘］劳动路257号
恒盛佳苑,［天心区-铁道学院］木莲西路
福天藏郡广场,［天心区-友阿奥特莱斯］芙蓉南路
白沙家园,［天心区-南湖路］南湖路117号
友园山庄,［天心区-奥特莱斯广场］青园路562号
白沙公寓,［天心区-白沙路］白沙街34号
居仁里,［天心区-南门口］沙河街68号
金葳佳园,［天心区-友谊路］五凌路158号
荣悦台(商住楼),［天心区-黄土岭］芙蓉中路,近南湖路
鑫园小区,［天心区-书院路］书院南路568号
三和公寓,［天心区-书院路］金盆路87号
和合园,［天心区-天心周边］宜春路
天心区检察院宿舍,［天心区-仰天湖］天剑路
美的梧桐庄园,［天心区-友阿奥特莱斯］芙蓉南路,近长沙绕城高速
金能大厦,［天心区-新开铺］书院南路306号
南建公寓,［天心区-南湖路］钟馗庙巷119号
湖南省交通科学研究院宿舍,［天心区-涂家冲］芙蓉中路三段472号
国检园,［天心区-天心周边］迎新路
碧桂园公园壹号(别墅),［天心区-奥特莱斯广场］芙蓉南路四段1101号
仰天湖三村,［天心区-书院路］天剑路
逸景苑,［天心区-书院路］水竹街
万润时光里,［天心区-长沙理工大学］赤岭路227号
五江书香苑,［天心区-天心区政府］刘家冲路,近杉木冲路
裕南大厦,［天心区-长沙理工大学］书院南路728号
保利国际广场(商住楼),［天心区-书院路］书院路九号
第一福利院宿舍,［天心区-黄土岭］芙蓉中路
兴泰公寓,［天心区-省政府］湘府西路100号
鑫远悦城,［天心区-奥特莱斯广场］芙蓉南路,近披塘路
盛世康城,［天心区-新开铺］新开铺路122号
雅林园,［天心区-林科大］韶山南路498号
星电花园(东区),［天心区-黄土岭］黄土岭路150号
楚湘公寓,［天心区-黄兴路步行街］楚湘街二条巷38号
比华利山(别墅),［天心区-奥特莱斯广场］中意二路145号
仰天湖一村,［天心区-书院路］向东南路
祝威岗小区,［天心区-南门口］祝威岗巷16号
安居城,［天心区-新开铺］新开铺路
山水南雅(别墅),［天心区-暮云］芙蓉南路
402家园,［天心区-省政府］五凌路68号
体育总局宿舍,［天心区-侯家塘］劳动西路293号
东电社区,［天心区-黄兴路步行街］向东南路86号
荣盛花语书苑(商住楼),［天心区-金盆岭］经贸街125号
西罗亚商住楼,［天心区-南门口］黄兴南路308号
润屋美院,［天心区-省政府］杉木冲中路
御景大厦,［天心区-黄兴路步行街］劳动西路110号
解放四村,［天心区-仰天湖］白沙路
长征花园,［天心区-新开铺］书院南路646号
白沙世纪佳园(西区),［天心区-芙蓉南路］刘家冲中路
福临阁,［天心区-黄兴路步行街］坡子街
新新花园,［天心区-新开铺］青园路18号
在水一方,［天心区-书院路］书院路110号
经贸局宿舍,［天心区-奥特莱斯广场］南二环二段21号
阳光城檀府,［天心区-黄兴路步行街］黄兴南路,近劳动西路
南沙公寓,［天心区-黄兴路步行街］白沙南路
麦芒国际,［天心区-天心区政府］杉木冲中路,近五凌路
谊苑小区,［天心区-白沙路］向东南路136号
迎龙阁公寓,［天心区-仰天湖］劳动西路
枣园小区,［天心区-书院路］书院路
福晟克拉国际,［天心区-新开铺］友谊路958号
恩瑞公寓,［天心区-白沙路］燕子岭正街34号
飞达大厦,［天心区-城南路］城南西路246号
君合天玺,［天心区-金盆岭］书院南路188号
开发公司宿舍,［天心区-书院路］天剑路
金苑商住楼,［天心区-涂家冲］芙蓉中路三段438号
凤凰城,［天心区-黄兴路步行街］白沙路269号
民政局宿舍,［天心区-南湖路］南湖路
东瓜山社区,［天心区-黄兴路步行街］东瓜山一条巷
天龙花园,［天心区-南湖路］南湖路147号
南湖雅苑,［天心区-暮云］中意二路617号
乾城(商住楼),［天心区-金盆岭］书院南路423号
鑫远微中心,［天心区-省政府］湘府西路
水工小区,［天心区-南湖路］南湖路
东瓜山三村,［天心区-书院路］向东南路86号
佳乐公寓,［天心区-省政府］青园路56号
标志商务中心,［天心区-天心区政府］湘府中路198号
长沙消防干部公寓,［天心区-长沙理工大学］赤岭路345号
湘江化工厂家属区,［天心区-新开铺］青山路,近新联路
电位器厂宿舍,［天心区-奥特莱斯广场］友谊路
昆仑和府(别墅),［天心区-暮云］中意二路888号
农行小区,［天心区-书院路］城南西路68号
地税局宿舍,［天心区-侯家塘］天剑路104号
气象佳园(别墅),［天心区-柑子园］芙蓉南路,近北环路
南湖嘉园,［天心区-南湖路］南湖路298号
长沙电业局宿舍,［天心区-白沙路］东瓜山二村二条巷
新富城小区,［天心区-奥特莱斯广场］三泰街20号
友谊小区,［天心区-天心区政府］刘家冲北路
星城荣域(商住楼),［天心区-天心区政府］芙蓉南路二段9号
山水印象(别墅),［天心区-奥特莱斯广场］芙蓉南路四段1111号
信丰民居,［天心区-坡子街］洪家井街76号
王府井商住楼,［天心区-解放西路］解放西路316号
楚湘社区,［天心区-黄兴路步行街］劳动西路
建行天心支行宿舍,［天心区-黄兴路步行街］劳动西路338号
建发汇金国际(商住楼),［天心区-黄土岭］芙蓉中路380号
丽水熙园,［天心区-新开铺］新姚北路308号
星宇V立方,［天心区-金盆岭］赤岭路219号
森和大厦,［天心区-黄兴路步行街］黄兴南路262号
静谧园小区,［天心区-新开铺］书院南路78号
海伦堡爱ME城市,［天心区-奥特莱斯广场］汇金路997号
富湘公寓,［天心区-黄兴路步行街］向家湾62号
泊富骊庭,［天心区-奥特莱斯广场］韶山南路258号
熙台岭小区,［天心区-仰天湖］天心游路29号
省农行单位房,［天心区-侯家塘］劳动西路309号
广电宿舍,［天心区-奥特莱斯广场］劳动路237号
龙湖春江悦茗,［天心区-省政府］新开铺路710号
星语林南壹号,［天心区-天心周边］伊莱克斯大道1号
湖南第一师范教职工宿舍,［天心区-奥特莱斯广场］书院路356号
西湖新村,［天心区-解放西路］西湖路184号
人防办宿舍,［天心区-天心阁］白沙路112号
地税一分局宿舍,［天心区-白沙路］高正街14号
华银九峰拾号院,［天心区-新省政府南］君逸路,近黑石铺路
凯悦名城,［天心区-金盆岭］书院南路
东能华府(别墅),［天心区-新省政府南］书香路,近黑石铺路
白沙街23号小区,［天心区-黄兴路步行街］白沙街23号
第六工程公司宿舍,［天心区-黄兴路步行街］劳动西路296号
湖南省地勘院宿舍,［天心区-黄兴路步行街］仰天湖二村巷10号
坡子街综合楼,［天心区-解放西路］解放西路
浦沅生活(二区),［天心区-浦沅］水竹街56号
木材厂宿舍,［天心区-黄兴路步行街］南湖路285号
凯华大厦,［天心区-书院路］劳动西路229号
湘剧院宿舍,［天心区-书院路］青山祠巷42号
永宏阁,［天心区-黄土岭］南湖路122号
保险公司宿舍,［天心区-侯家塘］赤黄路98号
新长海尚都国际,［天心区-天心区政府］友谊路
丽发国际广场,［天心区-暮云］万家丽南路辅路
中国农业银行家属院,［天心区-白沙路］大古道巷73号
和泓融成府(别墅),［天心区-友阿奥特莱斯］中意二路,近万家丽路
仰天湖二村,［天心区-书院路］向东南路
侯家塘建行宿舍,［天心区-黄兴路步行街］芙蓉中路718号
晏家塘小区,［天心区-天心阁］晏家塘巷142号
南门口燕子窝,［天心区-南门口］裕敏里6号
新兴企业中心,［天心区-柑子园］新岭路88号
江南华府(商住楼),［天心区-金盆岭］南二环286号
天心嘉园(别墅),［天心区-省政府］新姚路168号
熙台公寓,［天心区-侯家塘］席草田巷25号
中南石油局四普基地花园小区,［天心区-天心周边］中意三路59号
北辰中央公园C区,［天心区-省政府］黑石铺路
气象佳园(商住楼),［天心区-柑子园］芙蓉南路
麦芒国际(商住楼),［天心区-天心区政府］杉木冲中路,近五凌路
中建偶寓(商住楼),［天心区-友阿奥特莱斯］中意一路,近芙蓉南路
芙蓉大厦,［天心区-解放西路］城南西路111号
太平街123号小区,［天心区-坡子街］太平街123号
铜铝材厂宿舍,［天心区-黄兴路步行街］白沙路461号
湖南省核工业地质局三0三大队,［天心区-天心周边］中意二路509号
天心金桂园住宅小区,［天心区-芙蓉南路］刘家冲路
南门口马益顺巷小区,［天心区-黄兴路步行街］马益顺巷23号
湘江雅颂居(别墅),［天心区-新省政府南］新韶西路398号
南湖一号综合体,［天心区-书院路］书院南路799号
建材储运公司宿舍,［天心区-新开铺］水竹街36号
华铁佳苑,［天心区-友谊路］友谊路176号
市建安高层处宿舍,［天心区-黄兴路步行街］书院南路609号
天心区机关宿舍,［天心区-黄兴路步行街］白沙路185号
大椿桥017号小区,［天心区-黄兴路步行街］书院路338号
佳园广场,［天心区-暮云］芙蓉南路4段198号
地方税务局宿舍,［天心区-黄兴路步行街］白沙街
中铁四院宿舍,［天心区-铁道学院］韶山南路100号
保险学院单位房,［天心区-天心区政府］中豹塘路182号
湖南有色金属研究院第二生活小区,［天心区-黄土岭］黄土岭路,近长坡二街
第四十八研究所宿舍,［天心区-新省政府南］黑石铺48号
一步两搭桥巷小区,［天心区-白沙路］磨盘湾巷3号
君合天玺(商住楼),［天心区-金盆岭］书院南路188号
天心白沙里,［天心区-白沙路］白沙路,近城南西路
海伦堡爱ME城市(别墅),［天心区-奥特莱斯广场］汇金路
城建学校单位房(天心),［天心区-南湖路］古堆山巷11号
天心区政府机关宿舍,［天心区-书院路］钟馗庙巷89号
塔松小区,［天心区-长沙理工大学］望岳村街52号
彭家井小区,［天心区-天心周边］市场路
福德里2号楼,［天心区-黄兴路步行街］冯家湾巷
有色大厦院内家属楼,［天心区-黄兴路步行街］劳动西路175号
华升大院,［天心区-解放西路］赤黄路122号
披塘小区(一期),［天心区-友阿奥特莱斯］新开铺路
新路三期安置小区,［天心区-友阿奥特莱斯］新兰路
宝塔山小区,［天心区-黄兴路步行街］书院路148号
碧湘佳苑,［天心区-黄兴路步行街］向家湾巷,近裕农街
碧湘里4号,［天心区-黄兴路步行街］书院路564号
原湖南省汽车工业总公司宿舍,［天心区-黄兴路步行街］天心路128号
韶山南路170号小区,［天心区-林科大］友谊路32号
长沙电业局宿舍燕子H宿舍,［天心区-黄兴路步行街］燕子岭正街28号
九芝堂员工宿舍,［天心区-坡子街］路边井街59号
鑫宸公寓,［天心区-省政府］书香路658号
火把山社区,［天心区-柑子园］055县道
夏家冲社区,［天心区-黄兴路步行街］轻院路33号
湖南广播电视大学教工宿舍,［天心区-铁道学院］林大路
湖南省第二测绘院宿舍,［天心区-天心周边］京深线
五一西路357号小区,［天心区-坡子街］五一西路357号
仁美园巷6号小区,［天心区-坡子街］仁美园巷6号
消防中队宿舍,［天心区-黄兴路步行街］劳动西路438号
化工汽车运输公司宿舍,［天心区-黄土岭］水竹街58号
华菱集团商务楼,［天心区-省政府］湘府西路222号
金盆岭长沙市第二汽车修制厂宿舍,［天心区-长沙理工大学］书院南路
四端里,［天心区-黄兴路步行街］登仁桥巷
湖南省轻工供销公司宿舍,［天心区-黄兴路步行街］西湖路256号
湖南省工业设备安装公司宿舍,［天心区-黄兴路步行街］灵官巷
南塘安置小区,［天心区-天心周边］南塘路
红旗织布厂宿舍,［天心区-黄兴路步行街］白沙路360号
披塘二期安置小区,［天心区-友阿奥特莱斯］新开铺路
南湖佳苑,［天心区-黄兴路步行街］南湖路54号
六十码头三十七号小区,［天心区-黄兴路步行街］六十码头巷
下河街社区,［天心区-坡子街］孚嘉巷45号
湘茶大厦,［天心区-坡子街］朝阳巷22号
书院路193号小区,［天心区-黄兴路步行街］书院路193号
湖南剧院宿舍楼,［天心区-坡子街］怡长街
福晟钱隆公馆,［天心区-天心周边］暮云大道
百花巷26号小区,［天心区-黄兴路步行街］百花巷26号
广安里五号楼,［天心区-黄兴路步行街］马厂巷
外贸冷库宿舍,［天心区-黄兴路步行街］火把山巷16号
栗茂巷16、18、20号小区,［天心区-黄兴路步行街］栗茂巷
谢家冲小区,［天心区-友阿奥特莱斯］谢家冲街
创远社区电梯厂宿舍,［天心区-黄兴路步行街］劳动西路18号
商贸城社区,［天心区-天心周边］商贸城47号
古道巷社区,［天心区-黄兴路步行街］小古道巷74号
高压开关厂小区,［天心区-黄兴路步行街］天剑路22号
航道宿舍,［天心区-黄兴路步行街］四村街59号
建工新城,［天心区-友谊路］木莲西路
湖南石油化学工业局小区,［天心区-黄兴路步行街］跃进路135
供水公司小区,［天心区-黄兴路步行街］向东南路,近天剑路
长沙市自来水公司住宅小区,［天心区-黄兴路步行街］白沙路119号
青山小区(东区),［天心区-新省政府南］书香路628号
殷家冲北老石棉厂宿舍,［天心区-友阿奥特莱斯］书院南路507号
顺安大厦,［天心区-黄兴路步行街］南湖路51号
青山小区(西区),［天心区-新省政府南］书香路628号
西湖小区安置房,［天心区-暮云］西湖二路,近西湖大道
熙湘苑,［天心区-友谊路］友谊路,近芙蓉南路
孚嘉巷原044-049号小区,［天心区-黄兴路步行街］孚嘉巷65号
修文街069号小区,［天心区-黄兴路步行街］修文街069号
保利国际公寓,［天心区-书院路］湘江中路,近水厂路
光大发展大厦,［天心区-侯家塘］芙蓉中路三段142号
外贸服装厂宿舍,［天心区-铁道学院］青园路190号
亨Z楼,［天心区-书院路］白沙路380号
天悦和苑,［天心区-柑子园］中意二路
二条巷21号小区,［天心区-黄兴路步行街］二条巷21号
HC新城(别墅),［天心区-新开铺］芙蓉南路,近友谊路
丰和苑,［天心区-暮云］中意二路901号
昆仑和府(商住楼),［天心区-柑子园］中意二路818号
旭辉时代花园,［天心区-天心区政府］桂花坪路219号
九峰远见,［天心区-新省政府南］雀园路,近石碑路
鑫远玲珑,［天心区-天心区政府］刘家冲路,近雀园路
中海新城环宇国际公寓,［天心区-柑子园］中意二路,近新梅路
中海新城熙岸,［天心区-柑子园］中意二路,近新梅路
星语林南壹号,［天心区-暮云］伊莱克斯大道,近芙蓉南路
大众公寓,［天心区-黄兴路步行街］五一西路333号
新时空,［天心区-黄土岭］芙蓉中路三段398号
先锋新宇(二期),［天心区-奥特莱斯广场］托子冲路99号
星电花园(西区),［天心区-南湖路］黄土岭路
海尔鸿玺(别墅),［天心区-奥特莱斯广场］芙蓉南路二段252号
国会山官邸(别墅),［天心区-奥特莱斯广场］万家丽南路
江南华府,［天心区-南湖路］南二环286号
润沁公馆,［天心区-书院路］南湖路
金桂小区C区,［天心区-省政府］万芙中路
冶金大厦,［天心区-书院路］书院路777号
一力小区,［天心区-天心区政府］书院南路
自来水有限公司金盆岭住宅区,［天心区-长沙理工大学］书院南路
长沙市美术公司宿舍,［天心区-白沙路］天心游路69号
学院巷小区,［天心区-南门口］学院巷74号
微生物研究所宿舍,［天心区-新开铺］书院路
旭鸣里交警宿舍,［天心区-省政府］旭明里12号
湘诚万兴,［天心区-新开铺］友谊路528号
药王街小区,［天心区-坡子街］药王街5号
刑警之家,［天心区-书院路］钟馗庙巷91号
省有色地研院单位宿舍,［天心区-书院路］劳动西路
长运锦园,［天心区-省政府］新开铺路
现代雅境园,［天心区-天心区政府］宜春路
中意宿舍,［天心区-长沙理工大学］白沙路304号
现代投资住宅小区,［天心区-芙蓉南路］新姚北路
文庙坪小区,［天心区-解放西路］修文街119号
兴康同和家园,［天心区-友谊路］刘家冲北路122号
颐美沁园,［天心区-书院路］书院路261号
中域蓉城大厦,［天心区-侯家塘］城南西路28号
石人村安置小区,［天心区-新开铺］新韶西路
长沙市地税局宿舍,［天心区-仰天湖］白沙路186号
阳光苑,［天心区-奥特莱斯广场］机场口路180号
先锋新宇,［天心区-大托铺机场口］托子冲路99号
西湖大厦,［天心区-天心周边］姚家巷34号
海富大厦,［天心区-白沙路］城南西路228号
新路小区,［天心区-奥特莱斯广场］新电路
友谊社区别墅区,［天心区-奥特莱斯广场］刘家冲北路
沙湖新村,［天心区-南湖路］南湖路
银桥公寓,［天心区-天心周边］大乐嘉巷9号
省农机宿舍,［天心区-南门口］义茶亭巷4号
政力世纪大厦,［天心区-天心周边］劳动西路199号
望心阁公寓,［天心区-南门口］城南西路90号
信达大厦,［天心区-奥特莱斯广场］黄兴南路90号
新开管委会跃进小区,［天心区-新开铺］南二环
新中路商住楼,［天心区-新开铺］南二环
新开管委会新塘小区,［天心区-新开铺］莲花山巷
新族公寓,［天心区-奥特莱斯广场］裕南街339号
天鸿天福,［天心区-友谊路］竹塘西路177号
园林局宿舍,［天心区-奥特莱斯广场］钟馗庙巷31号
信丰公寓,［天心区-书院路］劳动西路
融和园小区,［天心区-省政府］中意二路
商贸旅游职业技术学院单位房,［天心区-天心区政府］韶山南路578号
鑫隆家园,［天心区-芙蓉南路］木莲西路
省建材院宿舍,［天心区-侯家塘］白沙路121号
南才大厦,［天心区-白沙路］劳动西路149号
肖家冲园丁园,［天心区-友谊路］青园路168号
天凯南苑,［天心区-友谊路］青园路536号
王府小区,［天心区-黄兴路步行街］黄兴中路27号
农机所宿舍,［天心区-芙蓉南路］青园路318号
水工机械厂单位房,［天心区-南湖路］南湖路
润沁园小区,［天心区-南湖路］南湖路86号
水电公司宿舍,［天心区-书院路］天剑路14号
天心一中宿舍,［天心区-书院路］沙湖街
天心雅阁公寓,［天心区-解放西路］白沙街190号
银杏家园(天心),［天心区-新开铺］竹塘路
永安宝苑,［天心区-解放西路］三兴街
湖南省机械进出口公司宿舍,［天心区-白沙路］白沙路215号
龙盛高科,［天心区-省政府］环保西路
金石蓉园,［天心区-友谊路］新韶西路
区政府宿舍,［天心区-奥特莱斯广场］白沙路241号
区教育局宿舍,［天心区-书院路］解放四村140号
龙骧佳苑,［天心区-省政府］银杏路
明城府,［天心区-白沙路］白沙路110号
黑石铺肉联厂宿舍,［天心区-新开铺］书院南路
黑石安置小区,［天心区-省政府］新联路
莲花小区,［天心区-铁道学院］芙蓉南路
南锦家园,［天心区-南湖路］沙湖街124号
金桂小区A区北片,［天心区-省政府］石碑路
金谷豪庭,［天心区-奥特莱斯广场］芙蓉南路四段168号
金桂小区B区,［天心区-省政府］豹塘路
湖南农机贸易大楼,［天心区-南门口］下碧湘街3号
湖机宿舍,［天心区-新开铺］木莲西路
金桂小区A区南片,［天心区-天心区政府］豹塘路
科学技术研究院单位房,［天心区-友谊路］青园路506号
电器研究所宿舍,［天心区-书院路］湖开路
金碧文苑,［天心区-新开铺］金盆路2号
浦沅宿舍,［天心区-奥特莱斯广场］书院南路128号
佳馨园,［天心区-省政府］芙蓉南路一段578号
佳兴公寓,［天心区-黄兴路步行街］栗茂巷12号
联运公司宿舍(南湖路金盆岭),［天心区-书院路］赤岭路
黄土岭村职工住宅,［天心区-南湖路］芙蓉中路三段356号
湖南广播电视学校老师单位房,［天心区-芙蓉南路］芙蓉南路
楠竹家园,［天心区-新开铺］猴子石路
樊西巷社区,［天心区-解放西路］人民西路
麻园塘小区,［天心区-涂家冲］芙蓉中路三段522号
金三角花园,［天心区-奥特莱斯广场］韶山南路558号
海尔鸿玺,［天心区-省政府］芙蓉南路二段252号
h龙公寓,［天心区-奥特莱斯广场］回龙山巷1号
家兴公寓,［天心区-黄兴路步行街］洪家井街77号
机床铸造厂宿舍,［天心区-新开铺］新开铺路16号
地质队宿舍,［天心区-省政府］五凌路8号
财政厅宿舍(天心),［天心区-奥特莱斯广场］芙蓉中路
天悦鑫苑,［天心区-南湖路］书院南路
林科大西校区教工宿舍,［天心区-奥特莱斯广场］崇德路
立达湘府大厦,［天心区-仰天湖］新开铺路
个体协会宿舍,［天心区-奥特莱斯广场］白沙路170号
汇贤居,［天心区-奥特莱斯广场］林大路
铬盐场宿舍,［天心区-书院路］南湖路296号
佳广公寓,［天心区-奥特莱斯广场］向东南路168号
高云小区,［天心区-暮云］万家丽南路
工商银行宿舍(白沙路),［天心区-劳动广场］白沙路
佳龙湾,［天心区-黄兴路步行街］人民西路155号
江山如画,［天心区-南湖路］殷家冲路
成达花园,［天心区-南湖路］钟馗庙街157号
荷花村,［天心区-铁道学院］韶山南路22号
湖南化工地质工程勘察院,［天心区-新开铺］青园路4号
电池厂宿舍,［天心区-书院路］砂子塘巷12号
福满新城,［天心区-新开铺］新开铺路432号
建行宿舍(白沙路),［天心区-解放西路］芙蓉中路二段218号
枫树小区,［天心区-省政府］人民东路329号
福禄民居,［天心区-奥特莱斯广场］坡子街101号
富康小区,［天心区-长沙理工大学］书院南路
芙蓉星苑,［天心区-南湖路］芙蓉南路
城南花苑,［天心区-书院路］书院南路598号
白沙景园,［天心区-南湖路］白沙南路
湖南有色金属研究院第一生活区,［天心区-长沙理工大学］芙蓉中路三段396号
1103厂宿舍,［天心区-新开铺］新开铺路432号
安装公司宿舍,［天心区-书院路］东瓜山二条巷
