碧桂园山湖城(别墅),［宁乡市-金洲区］金洲大道东288号
碧桂园山水桃园,［宁乡市-金洲区］欧洲北路288号
碧桂园山湖城,［宁乡市-金洲区］金洲大道东288号
中源凝香华都,［宁乡市-老城区］花明北路
金色夏威夷,［宁乡市-南城区］二环南路
兆基君城,［宁乡市-老城区］金洲大道
绿地中央花园,［宁乡市-老城区］金洲大道
格林春天,［宁乡市-南城区］二环南路
未来方舟,［宁乡市-新城区］宁乡大道,近三环北路
安泰幸福里,［宁乡市-新城区］花明北路429号
蓝色港湾,［宁乡市-新城区］金洲大道
翡翠年华,［宁乡市-老城区］春城北路与金州大道交汇处西南角
山水华庭,［宁乡市-老城区］一环北路
玉虹蓝庭国际城,［宁乡市-老城区］二环西路
星河绿洲,［宁乡市-东城区］南苑路88号
盛翠豪庭,［宁乡市-老城区］花明北路
盛景豪庭,［宁乡市-南城区］白马大道
福临门名郡,［宁乡市-新城区］三环北路,近宁乡大道
冠源爱琴湾,［宁乡市-南城区］东一路
中博富贵世家,［宁乡市-新城区］二环东路88号
金域蓝湾,［宁乡市-南城区］瑞良路
湘核华府,［宁乡市-老城区］一环北路123号
铂金汉宫,［宁乡市-新城区］金洲大道
五街国际,［宁乡市-老城区］金洲大道,近宁乡大道
罗马假日,［宁乡市-南城区］二环南路与玉兴路交汇处西北角
人民路九号,［宁乡市-南城区］人民南路9号
南国水乡,［宁乡市-南城区］二环路
公园道1号,［宁乡市-南城区］白龙路
湘核汇金府,［宁乡市-老城区］一环北路与金桂路交汇处
水晶郦城,［宁乡市-老城区］新康中路
皇庭尚品,［宁乡市-南城区］白马大道
水岸星城,［宁乡市-南城区］龙江路
滨江新外滩,［宁乡市-老城区］沿河北路118号
香江国际(宁乡),［宁乡市-老城区］楚沩东路6号
裕源国际,［宁乡市-新城区］073县道
东方明珠,［宁乡市-老城区］沿河路
花语王朝,［宁乡市-老城区］新康中路568号
学府花园,［宁乡市-新城区］人民北路,近三环北路
嘉诚花园,［宁乡市-老城区］二环西路99号
玉龙国际花园,［宁乡市-老城区］宁乡大道
水木天成颐和园,［宁乡市-老城区］东沩东路
和泰家园,［宁乡市-新城区］人民北路
经典生活,［宁乡市-南城区］百中路
富豪山庄,［宁乡市-老城区］一环北路347号
钓鱼台九号,［宁乡市-南城区］二环南路
水晶城,［宁乡市-老城区］花明北路
假日摩纳哥,［宁乡市-新城区］金洲大道
水木天成朝庭,［宁乡市-老城区］金亭路
馨怡园,［宁乡市-南城区］白马大道258号
新宇金海花园,［宁乡市-老城区］花明南路236号
芙蓉盛景,［宁乡市-南城区］白龙路
同兴花园,［宁乡市-老城区］一环路
银海花园,［宁乡市-老城区］东沩东路
翰林华府,［宁乡市-老城区］人民北路29号
新府名邸,［宁乡市-老城区］人民北路188号
连城国际,［宁乡市-老城区］一环北路15号
龙凤花园(北苑),［宁乡市-南城区］东一街
水木清华,［宁乡市-南城区］二环南路
大玺门,［宁乡市-老城区］沿河南路
翡翠园,［宁乡市-老城区］新山路45号
雅居乐依云小镇,［宁乡市-宁乡城区］迎宾路,近096县道
怡宁新村,［宁乡市-新城区］三环东路
东能西麓郡,［宁乡市-东城区］欧洲北路
城南嘉园北苑,［宁乡市-南城区］一环南路129号
新宇城南嘉园(南苑),［宁乡市-南城区］一环南路
优雅翠园,［宁乡市-老城区］宁乡大道158号
金桂园1区,［宁乡市-老城区］春城路
金洲国际城,［宁乡市-金洲区］007县道
楚沩佳郡,［宁乡市-老城区］金洲大道
美域中央青年城,［宁乡市-南城区］玉兴路,近二环南路
世纪阳光,［宁乡市-老城区］一环北路
瑞景春天,［宁乡市-老城区］宁乡大道
启殿园,［宁乡市-南城区］一环路
紫荆城,［宁乡市-老城区］紫金路
世纪花园,［宁乡市-新城区］新安路
幸福家园(宁乡),［宁乡市-南城区］东五街
馨香园,［宁乡市-南城区］白马大道
兆基御园,［宁乡市-老城区］金洲大道,近文体路
维也纳花城,［宁乡市-老城区］新康路33号
春城佳苑,［宁乡市-老城区］春城北路19号
宁乡金科美苑,［宁乡市-新城区］宁乡大道,近资源路
中央领御,［宁乡市-老城区］金洲大道
滨江国际城,［宁乡市-老城区］金亭路138号
兴旺佳园,［宁乡市-新城区］人民北路
金叶家园,［宁乡市-新城区］三环北路
宁乡美的城,［宁乡市-新城区］三环东路,近创业大道
紫金佳苑,［宁乡市-宁乡城区］龙溪西路11号
财富广场,［宁乡市-老城区］一环路328号
香樟美地,［宁乡市-宁乡城区］三环东路
春城万象广场,［宁乡市-老城区］春城南路
龙凤花园(南苑),［宁乡市-南城区］东一街,近东二街
旺和家园,［宁乡市-新城区］三环路
宁邦广场,［宁乡市-东城区］沩江大道,近创业大道
水木天成,［宁乡市-老城区］东沩东路121号
钱隆公馆,［宁乡市-老城区］春城北路
东城怡园,［宁乡市-东城区］金鑫南路
宁乡吾悦广场,［宁乡市-东城区］二环南路
玉潭商贸中心,［宁乡市-老城区］步行街45号
东方红郡,［宁乡市-东城区］韶山路
龙湾一品,［宁乡市-老城区］新康东路
和谐家园,［宁乡市-南城区］入园路
香山锦苑,［宁乡市-南城区］岳宁大道,近龙江路
恒大御景半岛(宁乡),［宁乡市-宁乡城区］玉潭东路
东城首座,［宁乡市-东城区］创业大道与玉潭东路交汇处东南角
百宜华府,［宁乡市-新城区］二环西路
东方现代城,［宁乡市-新城区］宁乡大道
兴隆苑,［宁乡市-南城区］东五街
愿景壹号院,［宁乡市-宁乡城区］康宁路,近学府路
中建亮月湖,［宁乡市-宁乡城区］二环南路
江岸华庭,［宁乡市-老城区］073县道
锦绣花城,［宁乡市-南城区］白龙路
教师新村,［宁乡市-南城区］北马大道
宁乡美的院子,［宁乡市-东城区］银河路146号
东鑫城市花园,［宁乡市-老城区］宁乡大道
锦江锦绣兰亭,［宁乡市-老城区］金亭路138号
长宁旺角,［宁乡市-宁乡城区］二环南路,近楚沩西路
美信华庭,［宁乡市-宁乡城区］宁乡大道
华都丽景,［宁乡市-老城区］新康中路
嘉诚首府,［宁乡市-宁乡城区］人民北路
美的国宾府,［宁乡市-新城区］金洲大道,近谐园路
中博富贵世家(别墅),［宁乡市-新城区］二环东路88号
紫金公馆,［宁乡市-老城区］紫金路139号
B钰府,［宁乡市-东城区］仁福大道
御景名城,［宁乡市-南城区］楚沩东路
金凤花园,［宁乡市-老城区］月形路
佳宏龙华山庄,［宁乡市-新城区］三环东路
碧桂园月湖湾,［宁乡市-南城区］二环南路,近新康西路
豪德壹公馆,［宁乡市-宁乡城区］玉兴路2号
青旅金洲湖,［宁乡市-老城区］金洲大道,近谐园路
水木清华B区,［宁乡市-南城区］二环南路,近白龙路
宁乡步行街小区,［宁乡市-老城区］楚沩中路
喜盈门范城,［宁乡市-南城区］花明北路31号
中水一品,［宁乡市-老城区］一环北路127号
沙河佳园,［宁乡市-东城区］金鑫南路46号
书香里商住小区,［宁乡市-老城区］楚沩西路
金洲明珠住宅小区,［宁乡市-金洲区］澳洲北路
福临门名都,［宁乡市-老城区］文体路,近金洲大道
龙泉美墅(别墅),［宁乡市-南城区］白龙路
园林新苑,［宁乡市-宁乡城区］一环路
城市东家,［宁乡市-宁乡城区］新康东路
天祺佰潮汇,［宁乡市-老城区］花明北路10号
东城郦都香槟城,［宁乡市-东城区］楚沩东路
花明家园,［宁乡市-老城区］花明南路106号
奥园世家,［宁乡市-新城区］宁乡大道,近石泉路
五街国际(商住楼),［宁乡市-老城区］金洲大道,近宁乡大道
春城明珠,［宁乡市-老城区］春城南路526号
凤形花园,［宁乡市-宁乡城区］一环南路
缇香美岸,［宁乡市-南城区］白马大道东一街,近正农路
新力钰珑湾,［宁乡市-老城区］创业大道,近沩东路
中梁首府,［宁乡市-宁乡城区］金州大道,近兆山路
雅居乐依云小镇(别墅),［宁乡市-宁乡城区］迎宾路,近096县道
梅兰景园,［宁乡市-老城区］东沩南路68号
敏捷紫云府,［宁乡市-新城区］宁乡大道,近资源路
同兴花园(别墅),［宁乡市-宁乡城区］一环路
长房宁洲府,［宁乡市-金洲区］金洲北路,近金洲南路
明珠金沙湾,［宁乡市-宁乡城区］沩江大道
碧桂园天悦,［宁乡市-新城区］宁三环北路,近向前路
福源,［宁乡市-新城区］金洲大道,近宁乡大道
水木天成(别墅),［宁乡市-老城区］一环路
花明锦园,［宁乡市-老城区］新山路11号
东城丽都,［宁乡市-东城区］楚沩东路68号
龙头湾购物中心住宅小区,［宁乡市-东城区］沿江风光带1号
龙泉美墅(公寓住宅),［宁乡市-宁乡城区］|入园路
正大广场,［宁乡市-宁乡城区］楚沩东路635号
美信华庭(商住楼),［宁乡市-宁乡城区］宁乡大道
佳宏龙华山庄(别墅),［宁乡市-新城区］三环东路
九龙华府,［宁乡市-宁乡城区］楚沩西路
美信府台,［宁乡市-宁乡城区］车站路
玉潭镇八一东路29号小区,［宁乡市-宁乡城区］八一东路29号
碧桂园滨江府,［宁乡市-南城区］209省道,近仁和东路
翡翠园(商住楼),［宁乡市-老城区］新山路45号
丽水佳园,［宁乡市-宁乡城区］正农路
维尔纳花城,［宁乡市-宁乡城区］沿河北路118号
华夏综合市场,［宁乡市-宁乡城区］金洲大道
紫金路27号小区,［宁乡市-宁乡城区］紫金路27号
宁乡印象东城,［宁乡市-东城区］创业大道,近金玉路
江南小区,［宁乡市-宁乡城区］三环东路
白马大市场,［宁乡市-东城区］浅水西路58号
同兴小区,［宁乡市-金洲区］金洲南路
宁乡老一中教工宿舍,［宁乡市-宁乡城区］紫金路5号
新城大市场,［宁乡市-宁乡城区］新府路29号
长房宁都公馆,［宁乡市-新城区］谐园北路,近金洲大道
湘天科技公寓房,［宁乡市-宁乡城区］金州大道319号
馨香园小区,［宁乡市-东城区］白马南路296号
紫金路29号小区,［宁乡市-宁乡城区］紫金路29号
宁乡文化超市,［宁乡市-宁乡城区］人民北路73号
旺宁新村,［宁乡市-新城区］蓝月谷路,近谐园路
润和家园,［宁乡市-东城区］东沩东路168号
金湖嘉园,［宁乡市-宁乡城区］金洲大道,近欧洲城
金洲新城,［宁乡市-宁乡城区］樟树坡路,近金洲大道
湘核观邸,［宁乡市-老城区］一环北路123号
福源(别墅),［宁乡市-新城区］金洲大道,近宁乡大道
汽车东站市场,［宁乡市-东城区］沿江路,近金鑫南路
沙河新城,［宁乡市-东城区］楚沩东路101号
龙桥御园,［宁乡市-宁乡城区］欧洲北路88号
凤凰新城,［宁乡市-宁乡城区］仁福大道,近白马大道
御园一品,［宁乡市-南城区］二环南路,近白龙路
新康安置区,［宁乡市-宁乡城区］新康中路,近康宁路
财富金座,［宁乡市-南城区］二环南路与宁黄路交叉口西150米
北门商住楼,［宁乡市-老城区］玉潭中路365号
龙熙温泉庄园,［宁乡市-宁乡城区］将军路8号
和德家园小区,［宁乡市-宁乡城区］兆山路,近新康西路
龙桥安置小区(二期),［宁乡市-宁乡城区］泉州路,近金沙路
时代和府,［宁乡市-新城区］三环北路
一品江山,［宁乡市-宁乡城区］二环西路
玉金花园,［宁乡市-宁乡城区］玉潭中路270号
星恒国仕汇,［宁乡市-宁乡城区］金洲大道
尚峰尚水,［宁乡市-宁乡城区］宁乡大道
御景云天,［宁乡市-老城区］花明北路
