明N壹城,［雨花区-体育新城］劳动东路821号
万科魅力之城,［雨花区-体育新城］劳动东路1299号
中城丽景香山,［雨花区-劳动中路］万家丽中路二段239号
德馨园,［雨花区-香樟路］洞井路
新城新世界,［雨花区-树木岭］劳动东路139号
阳光城尚东湾,［雨花区-体育新城］长沙大道789号
万科金域华府,［雨花区-雨花区政府］万家丽中路539号
京武浪琴山,［雨花区-体育新城］劳动东路
嘉华城,［雨花区-汽车南站］汇金路777号
香樟兰亭,［雨花区-雨花区政府］圭塘路,近香樟路
中航城国际社区(北区),［雨花区-汽车南站］时代阳光大道489号
第六都,［雨花区-雨花亭］芙蓉中路三段569号
融科东南海,［雨花区-香樟路］香樟路469号
新星小区,［雨花区-树木岭］圭塘路139号
运达中央广场,［雨花区-体育新城］沙湾路289号
中航城国际社区(北区别墅),［雨花区-时代阳光大道］时代阳光大道489号
上海城,［雨花区-韶山南路］韶山南路633号
中隆国际御玺,［雨花区-体育新城］古曲路188号
绿城桂花城,［雨花区-体育新城］长沙大道508号
五矿万境水岸嘉苑,［雨花区-红星］圭塘路
鄱阳小区,［雨花区-汽车南站］汇金路199号
恒生碧水龙庭,［雨花区-时代阳光大道］万家丽南路一段226号
恒大绿洲,［雨花区-体育新城］劳动东路820号
五矿万境蓝山,［雨花区-汽车南站］黄谷路
万博汇(二期),［雨花区-雨花亭］韶山中路495号
颐和佳园,［雨花区-汽车南站］金海路
佳兆业水岸新都(东区),［雨花区-汽车南站］石燕湖路
江河双水湾,［雨花区-体育新城］沙湾路1088号
弘欣公寓,［雨花区-汽车南站］万芙南路180号
名都花园,［雨花区-赤岗冲］曙光中路537号
雅致名园,［雨花区-雨花区政府］香樟东路196号
华盛世纪新城,［雨花区-红星］湘府东路二段308号
茂华国际湘,［雨花区-体育新城］古曲南路198号
恒大城,［雨花区-汽车南站］时代阳光大道260号
景环小区,［雨花区-汽车南站］兴安路126号
碧桂园南城首府,［雨花区-时代阳光大道］时代阳光大道513号
宏聚地中海,［雨花区-时代阳光大道］时代阳光大道
欧莱雅郡,［雨花区-汽车南站］时代阳光大道
托斯卡纳,［雨花区-红星］湘府东路二段28号
星城映象,［雨花区-体育新城］沙湾路308号
白沙湾嘉园,［雨花区-体育新城］曲塘路735号
阳光锦城,［雨花区-雨花亭］新建东路35号
书香名邸,［雨花区-左家塘］车站南路471号
西子花苑,［雨花区-高桥］马王堆南路79号
泊爱蓝湾,［雨花区-高桥］嘉雨路488号
尊邸华庭,［雨花区-树木岭］劳动中路589号
翡翠云天,［雨花区-红星］万家丽中路399号
红墅湾,［雨花区-新星小区］曲塘路579号
融圣国际,［雨花区-人民路］人民中路568号
佳兆业君汇上品,［雨花区-雨花周边］石燕湖路
美洲故事,［雨花区-红星］万家丽中路三段189号
融城花苑,［雨花区-井湾子］井湾路528号
亚华香舍花都,［雨花区-东塘］劳动东路61号
新里程潇湘名城,［雨花区-雨花区政府］万家丽路295号
融科檀香山,［雨花区-体育新城］长沙大道589号
金房万树丹堤,［雨花区-香樟路］香樟路778号
半山壹号,［雨花区-新星小区］沙湾路9号
水岸天际,［雨花区-洞井铺］湘府东路108号
融科三万英尺,［雨花区-雨花亭］韶山中路488号
佳园星城,［雨花区-井湾子］井莲路369号
砂子塘社区,［雨花区-雨花亭］砂子塘巷
桂花二村,［雨花区-左家塘］港桂街
曙光大邸,［雨花区-左家塘］曙光中路248号
城南故事,［雨花区-井湾子］井湾路17号
长房天翼未来城,［雨花区-左家塘］曙光中路302号
华银园,［雨花区-雨花亭］韶山中路752号
东方新世界,［雨花区-左家塘］城南东路
曙光领峰,［雨花区-左家塘］妹子山巷28号
鑫天鑫城,［雨花区-东塘］劳动东路299号
新华都万家城,［雨花区-体育新城］长沙大道789号14-24栋
鑫天御景湾,［雨花区-红星］大唐路176号1-6栋
城市山水豪园,［雨花区-劳动中路］曲塘路
鑫天御景湾,［雨花区-雨花区政府］大唐路176号7-13栋
建鸿达华都,［雨花区-东塘］劳动西路528号
世纪桃花苑,［雨花区-汽车南站］万家丽南路一段198号
都市兰亭,［雨花区-王家冲］王家冲路288号
兰亭优壳,［雨花区-左家塘］车站南路9号
锦湘国际锦绣苑,［雨花区-高桥］万家丽中路
湘府十城,［雨花区-红星］湘府东路二段99号
景湾小区,［雨花区-井湾子］井湾路727号
橄榄君庭,［雨花区-高桥］嘉雨路
合能雨花公馆,［雨花区-体育新城］沙湾路
山水庭院,［雨花区-井湾子］井湾路618号
红星嘉和苑,［雨花区-红星］时代阳光大道
福乐名园,［雨花区-东塘］韶山北路449号
嘉盛华庭,［雨花区-体育新城］劳动东路
宏景名厦,［雨花区-窑岭南］韶山北路243号
英郡年华(一期),［雨花区-树木岭］圭塘路52号
象屿优山美地,［雨花区-圭塘］体院路519号
颐美园,［雨花区-左家塘］人民东路29号
桔园小区,［雨花区-桔园小区］湘银巷
万博汇(一期),［雨花区-雨花亭］韶山中路495号
中江锦城锦城苑,［雨花区-树木岭］东二环一段364号
佳天瑞宁花园,［雨花区-左家塘］桂花路248号
嘉熙中心,［雨花区-人民路］人民中路152号
鸿园小区,［雨花区-长岭］城南中路49号
牛角塘社区,［雨花区-东塘］桂花西路
赤岗小区,［雨花区-左家塘］桂花路187号
天晟海拔东方,［雨花区-雨花区政府］木莲东路68号
和顺苑,［雨花区-红星］湘府东路一段400号
新华都万家城,［雨花区-雨花周边］长沙大道789号1-13栋
美林景园,［雨花区-体育新城］劳动东路101号
岳泰理想城,［雨花区-红星］湘府中路79号
中天枫景,［雨花区-东塘］劳动西路471号
佳天名苑,［雨花区-汽车南站］高升路88号
新盛珑Z台,［雨花区-红星］洞井路
卷烟厂高层小区,［雨花区-雨花亭］曙光南路90号
长沙市交警队宿舍,［雨花区-阿弥岭］人民东路
金色LOFT,［雨花区-新星小区］树木岭路469号
金领家族,［雨花区-井湾子］中意一路1号
格蓝康都,［雨花区-左家塘］桂花路273号
三重星都心,［雨花区-雨花亭］黄土岭路368号
德庆水韵山城,［雨花区-汽车南站］桃花F路58号
东澜湾,［雨花区-体育新城］白沙湾路389号
金轮星光名座,［雨花区-体育新城］湘秀路,近黎托路
万象美域,［雨花区-井湾子］井湾路
东方名都百草园,［雨花区-井湾子］井圭路9号
中航城国际社区(南区),［雨花区-红星］时代阳光大道489号
五矿万境蓝山(别墅),［雨花区-万家丽南路］黄谷路
天赐良园,［雨花区-雨花区政府］木莲东路59号
德思勤公寓,［雨花区-红星］迎新路868号
锦绣世纪,［雨花区-赤岗冲］劳动中路265号
中建信和城,［雨花区-井湾子］正塘坡路69号
上河国际花园C区,［雨花区-高桥］万家丽中路一段358号
一心花苑,［雨花区-窑岭南］韶山北路283号
五矿万境水岸和苑,［雨花区-雨花区政府］圭塘路
三江花中城,［雨花区-体育新城］古曲路199号
万科金色家园,［雨花区-韶山南路］韶山南路13号
绿地新都会,［雨花区-万家丽南路］万家丽南路二段112号
信和苑2区,［雨花区-井湾子］井圭路120号
丽星景园,［雨花区-赤岗冲］劳动中路149号
高桥现代商贸城,［雨花区-高桥］民主路
香颂国际,［雨花区-雨花亭］韶山南路260号
财富时代,［雨花区-阿弥岭］东二环一段449号
融橙上品,［雨花区-雨花亭］南二环
康斯丹郡,［雨花区-汽车南站］阳光大道西369号
省儿童医院宿舍,［雨花区-梓园路］梓园路86号
亚商国际,［雨花区-韶山南路］中意一路66号
湘府名邸,［雨花区-红星］万芙北路439号
融科紫檀,［雨花区-体育新城］长沙大道598号
阳光在线,［雨花区-井湾子］井湾路346号
活力康城,［雨花区-梓园路］芙蓉中路449号
森林雅苑,［雨花区-红星］湘府东路二段35号
旭辉香樟公馆,［雨花区-韶山南路］香樟路583号
茂华禧都会,［雨花区-体育新城］古曲南路198号
枫丹雅苑,［雨花区-东塘］劳动西路345号
五江天街,［雨花区-树木岭］曲塘路48号
汇城上筑,［雨花区-树木岭］雅塘路258号
恒大国际广场,［雨花区-体育新城］曲塘路
湘樟家园,［雨花区-香樟路］香樟路168号
锦湘国际星城锦雅苑,［雨花区-高桥］朝晖路499号
长房半岛蓝湾,［雨花区-万家丽南路］湘府东路
佳兆业云顶都汇,［雨花区-圭塘］香樟东路,近黎托路
瑞都华庭,［雨花区-雨花亭］香樟路111号
恒丰天湘华庭,［雨花区-体育新城］曲塘路
长潭佳园,［雨花区-时代阳光大道］绕城高速
红花坡社区,［雨花区-赤岗冲］红花坡路
东上一品,［雨花区-东塘］韶山北路418号
长房平和墅,［雨花区-时代阳光大道］洞井路,近湘府东路
丰升德润小区,［雨花区-红星］景观路
左岸右岸A座,［雨花区-阿弥岭］马王堆路162号
湘樟园,［雨花区-香樟路］香樟路324号
绿地之窗,［雨花区-体育新城］黎托路,近香樟东路
樱之谷,［雨花区-体育新城］体院路398号
中建桂苑金桂苑,［雨花区-井湾子］井湾路458号
泰禹家园(一期),［雨花区-雨花区政府］长塘路46号
妹子山社区,［雨花区-左家塘］妹子山巷
地泰人民公馆,［雨花区-人民路］人民中路72号
东一国际大厦,［雨花区-东塘］韶山北路488号
福乐康城,［雨花区-赤岗冲］车站南路175号
凯乐湘园(北区),［雨花区-阿弥岭］古曲中路129号
嘉宇盛世华章,［雨花区-高桥］长沙大道
天韵家园,［雨花区-左家塘］阿弥岭路108号
锦源小区,［雨花区-树木岭］劳动东路32号
省电力院宿舍,［雨花区-东塘］水电街
阿弥岭社区,［雨花区-东塘］车站南路565号
湖南省水电院宿舍区,［雨花区-东塘］水院巷51号
正圆小区,［雨花区-树木岭］树木岭路330号
城南郡,［雨花区-左家塘］城南东路141号
民航桂花路住宅区,［雨花区-桂花公园］桂花路35号
锦湘国际星城锦雅苑,［雨花区-高桥］朝晖路499号
长房半岛蓝湾,［雨花区-万家丽南路］湘府东路
佳兆业云顶都汇,［雨花区-圭塘］香樟东路,近黎托路
瑞都华庭,［雨花区-雨花亭］香樟路111号
恒丰天湘华庭,［雨花区-体育新城］曲塘路
长潭佳园,［雨花区-时代阳光大道］绕城高速
红花坡社区,［雨花区-赤岗冲］红花坡路
东上一品,［雨花区-东塘］韶山北路418号
长房平和墅,［雨花区-时代阳光大道］洞井路,近湘府东路
丰升德润小区,［雨花区-红星］景观路
左岸右岸A座,［雨花区-阿弥岭］马王堆路162号
湘樟园,［雨花区-香樟路］香樟路324号
绿地之窗,［雨花区-体育新城］黎托路,近香樟东路
樱之谷,［雨花区-体育新城］体院路398号
中建桂苑金桂苑,［雨花区-井湾子］井湾路458号
泰禹家园(一期),［雨花区-雨花区政府］长塘路46号
妹子山社区,［雨花区-左家塘］妹子山巷
地泰人民公馆,［雨花区-人民路］人民中路72号
东一国际大厦,［雨花区-东塘］韶山北路488号
福乐康城,［雨花区-赤岗冲］车站南路175号
凯乐湘园(北区),［雨花区-阿弥岭］古曲中路129号
嘉宇盛世华章,［雨花区-高桥］长沙大道
天韵家园,［雨花区-左家塘］阿弥岭路108号
锦源小区,［雨花区-树木岭］劳动东路32号
省电力院宿舍,［雨花区-东塘］水电街
阿弥岭社区,［雨花区-东塘］车站南路565号
湖南省水电院宿舍区,［雨花区-东塘］水院巷51号
正圆小区,［雨花区-树木岭］树木岭路330号
城南郡,［雨花区-左家塘］城南东路141号
民航桂花路住宅区,［雨花区-桂花公园］桂花路35号
卓越蔚蓝城邦,［雨花区-雨花周边］桃花F路608号
信和苑1区,［雨花区-井湾子］井圭路
中天瑞景城,［雨花区-红星］双塘路
一品东庭,［雨花区-高桥］怡园街89号
博长山水香颐,［雨花区-雨花周边］时代阳光大道330号
中江国际花城,［雨花区-雨花亭］新建西路23号
鑫天芙蓉,［雨花区-井湾子］井湾路262号
才子嘉都(一期),［雨花区-汽车南站］万芙北路600号
七里香榭,［雨花区-汽车南站］汇金路269号
狮子山一片,［雨花区-左家塘］车站南路502号
同升湖山庄小区,［雨花区-雨花周边］同升路
泰禹家园(三期),［雨花区-雨花区政府］长塘路46号
仁和雨花家园,［雨花区-雨花区政府］玉竹路60号
白竹水乡(别墅),［雨花区-雨花周边］同升路
旭辉国际广场,［雨花区-万家丽南路］劳动东路
菁华源,［雨花区-赤岗冲］红花坡路73号
华天望族苑,［雨花区-左家塘］营山巷52号
东联名园,［雨花区-井湾子］井湾路352号
西子一间,［雨花区-高桥］万家丽中路一段318号
红区抽屉,［雨花区-红星］卉园路80号
东塘瑞府,［雨花区-东塘］韶山北路641号
香樟鑫都,［雨花区-雨花区政府］圭塘路264号
兴威名座,［雨花区-东塘］韶山北路460号
旺坤家园,［雨花区-红星］杉木冲东路268号
东城港,［雨花区-体育新城］长沙大道580号
牛婆塘小区,［雨花区-雨花亭］雨花路24号
龙吉湾小区,［雨花区-树木岭］自然岭路241号
三湘小区,［雨花区-韶山南路］香樟路32号
佳兆业水岸新都(西区),［雨花区-雨花周边］石燕湖路
华雅花园,［雨花区-劳动中路］美林街35号
,［］
,［］
,［］
,［］
,［］
,［］
,［］
,［］
,［］
,［］
,［］
,［］
,［］
,［］
,［］
,［］
,［］
,［］
,［］
,［］
,［］
,［］
,［］
,［］
,［］
,［］
,［］
,［］
,［］
,［］
鑫天佳园,［雨花区-赤岗冲］劳动东路178号
巴黎香榭,［雨花区-阿弥岭］小林子冲路13号
云鼎公寓(二期),［雨花区-东塘］新建西路
中建嘉和城,［雨花区-时代阳光大道］联圭路169号
佳境天成,［雨花区-东塘］劳动中路557号
麻园湾社区,［雨花区-人民路］麻园湾巷10号
枫景园,［雨花区-汽车南站］中意路
中铁五局职工宿舍,［雨花区-汽车南站］中意一路646号
民航桂花路住宅区,［雨花区-左家塘］桂花路267号
中天星耀城,［雨花区-雨花区政府］体院路10号
湘水郡,［雨花区-时代阳光大道］时代阳光大道与振东路交汇处
金质嘉苑,［雨花区-汽车南站］仙岭路
湘核佳苑,［雨花区-树木岭］万家丽中路二段359号
都市馨园,［雨花区-树木岭］圭塘路25号
贡院一号,［雨花区-汽车南站］万芙北路,近杉木冲中路
凯轩云顶,［雨花区-阿弥岭］桂花路322号
华银天际A区,［雨花区-红星］万家丽中路
凯乐湘园(南区),［雨花区-阿弥岭］古曲中路129号
金地格林公馆,［雨花区-万家丽中路］万家丽中路一段275号
雅礼中学宿舍,［雨花区-东塘］劳动西路428号
中建桂苑银桂苑,［雨花区-井湾子］井湾路485号
金科园,［雨花区-东塘］劳动中路60号
潇影小区,［雨花区-东塘］韶山中路63号
红墅湾(别墅),［雨花区-体育新城］曲塘路579号
益佳苑,［雨花区-小林子冲］城南中路236号
丰园城,［雨花区-韶山南路］汇金路199号
高升小区,［雨花区-红星］湘府中路128号
合能枫丹丽舍,［雨花区-雨花区政府］体院路,近白冶路
碧桂园印象,［雨花区-香樟路］圭塘路276号
白沙苑小区,［雨花区-王家冲］王家冲路102号
白竹水乡,［雨花区-雨花周边］同升路
名都凯旋城,［雨花区-赤岗冲］红花坡路139号
金石雅苑,［雨花区-体育新城］万家丽中路2段345号
香樟路电信小区,［雨花区-雨花亭］香樟路91号
汇富中心,［雨花区-窑岭南］韶山北路254号
省气象局宿舍,［雨花区-雨花亭］黄土岭路296号
新点苑(西区),［雨花区-井湾子］曙光南路
林业厅单位房,［雨花区-阿弥岭］梓园路356号
上河国际商业广场国际公寓,［雨花区-高桥］万家丽中路一段358号
香雨壹品,［雨花区-雨花区政府］香樟东路55号
天剑华城,［雨花区-井湾子］中意路103号
清溪川9号,［雨花区-雨花区政府］木莲东路299号
托斯卡纳(别墅),［雨花区-红星］湘府东路二段28号
龙瑞尚苑,［雨花区-香樟路］自然岭路241号
新锐湘都,［雨花区-东塘］砂子塘巷91号
明星村,［雨花区-东塘］劳动中路6号
水电八局宿舍,［雨花区-长岭］韶山北路290号
富春山,［雨花区-洞井铺］万家丽南路二段111号
湘粮宿舍,［雨花区-左家塘］曙光中路325号
森林城,［雨花区-雨花区政府］湘府东路
晨兴家园,［雨花区-左家塘］曙光中路
宏泽佳园,［雨花区-东塘］劳动西路405-9号
旺景园,［雨花区-井湾子］井圭路889号
芙蓉公馆,［雨花区-阿弥岭］芙蓉中路二段283号
广济苑公寓,［雨花区-梓园路］城南中路104号
湖橡宿舍,［雨花区-左家塘］曙光中路16号
梓园大厦,［雨花区-东塘］劳动西路395号
湖南省百纺大院,［雨花区-长岭］韶山北路365号
蓝光幸福满庭,［雨花区-雨花区政府］木莲冲路
大为时代家园,［雨花区-汽车南站］阳光大道39号
梨子山社区,［雨花区-雨花亭］运动巷29号
海华嘉园,［雨花区-东塘］劳动东路37号
金地华园,［雨花区-桔园小区］金地巷68号
浦沅社区,［雨花区-麻园塘］芙蓉中路三段575号
融科香山国际,［雨花区-体育新城］长沙大道589号
丹桂雅苑,［雨花区-赤岗冲］桂花路171号
五矿万境园,［雨花区-雨花区政府］瓦窑路,近双塘路
天凯东苑(东区),［雨花区-树木岭］自然岭路
湘天贡院三,［雨花区-汽车南站］万芙北路589号
万科繁华里,［雨花区-圭塘］万家丽中路二段539号
景江雅苑,［雨花区-体育新城］劳动东路325号
锦湘国际锦美苑,［雨花区-高桥］朝晖路499号
华菱新城地标,［雨花区-体育新城］劳动东路208号
洞井商贸城,［雨花区-时代阳光大道］中意一路685号
鑫源公寓,［雨花区-汽车南站］迎新路
建发中央公园,［雨花区-东塘］黄土岭路,近雨花路
几米空间,［雨花区-左家塘］桂花路382号
兴隆景苑,［雨花区-红星］杉木冲东路169号
中航城国际社区(南区别墅),［雨花区-时代阳光大道］时代阳光大道489号
湘农桥社区,［雨花区-东塘］水电街31号
碧翠园(别墅),［雨花区-树木岭］东山路1号
湘农桥社区二区,［雨花区-东塘］水电街
公交园小区,［雨花区-赤岗冲］劳动中路109号
英泰汇景豪庭,［雨花区-红星］迎新路377号
中天佳园,［雨花区-汽车南站］中意一路834号
桃阳苑,［雨花区-汽车南站］万家丽南路198号
东方公寓,［雨花区-阿弥岭］港岛路165号
同升湖山庄海德公园(C区),［雨花区-雨花周边］同升路
江河中央洋房,［雨花区-体育新城］沙湾路389号
都市金领,［雨花区-雨花亭］韶山中路
尚东紫郡,［雨花区-高桥］西子街30号
金福苑,［雨花区-红旗药号］城南中路232号
金科集美天辰,［雨花区-时代阳光大道］荷叶冲路,近京港澳高速
省木偶剧团宿舍,［雨花区-东塘］韶山北路453号
碧桂园城市之光,［雨花区-万家丽中路］嘉雨路,近六号路
佳兆业水岸新都(四期),［雨花区-雨花周边］石鸭公路
省水利厅宿舍,［雨花区-东塘］韶山北路370号
金昌花园,［雨花区-赤岗冲］红花坡路135号
湘银公寓,［雨花区-雨花亭］湘银巷23号
三力国际,［雨花区-王家冲］曙光南路
华翼府,［雨花区-韶山南路］韶山南路123号
佳兆业水岸新都东区(别墅),［雨花区-雨花周边］石燕湖路
金地社区,［雨花区-桔园小区］韶山中路583号
高桥财富大厦,［雨花区-高桥］万家丽路中段416号
保利大都汇,［雨花区-树木岭］王堆路,近东二环
计量院住宅区,［雨花区-香樟路］香樟路396号
中意花苑,［雨花区-左家塘］营山巷50号
香樟景苑,［雨花区-香樟路］香樟路85号
中远公馆,［雨花区-雨花亭］芙蓉中路三段509号
建发央玺,［雨花区-砂子塘］韶山路,近黄土岭路
德润小区北区,［雨花区-雨花区政府］景观路
湘水一城,［雨花区-韶山南路］竹塘中路394号
锦湘国际星城金丽苑,［雨花区-阿弥岭］朝晖路
和卉家园,［雨花区-体育新城］劳动东路
圭塘小区,［雨花区-圭塘］曲塘路
保利茉莉公馆,［雨花区-圭塘］万家丽中路,近香樟路
水映青山,［雨花区-红星］湘府东路
国税局宿舍(雨花),［雨花区-雨花亭］韶山中路575号
恒丰佳星园,［雨花区-左家塘］曙光中路238号
佳天国际新城,［雨花区-东塘］芙蓉中路二段359号
地税五分局宿舍,［雨花区-左家塘］桂花路269号
地质家园鸿景雅苑,［雨花区-人民路］人民中路72号
金典商务中心,［雨花区-汽车南站］湘府中路117号
星城名典,［雨花区-高桥］东二环
天心苑,［雨花区-井湾子］中意一路18号
美洲故事(别墅),［雨花区-雨花区政府］万家丽中路三段189号
鑫天花园,［雨花区-王家冲］王家冲路48号
华雅林语苑,［雨花区-体育新城］长沙大道418号
华韵07,［雨花区-左家塘］曹家坡路66号
佳兆业水岸新都西区(别墅),［雨花区-雨花周边］石燕湖路
鑫兴佳园,［雨花区-树木岭］航空路11号
迎新佳苑,［雨花区-红星］迎新路368号
金地铂悦,［雨花区-万家丽南路］汇金路,近黄谷路
中建嘉和城凤凰台,［雨花区-时代阳光大道］时代阳光大道,近林科路
武广美誉,［雨花区-体育新城］沙湾路388号
茶园坡社区,［雨花区-茶园坡］劳动中路432号
泰禹云开壹品,［雨花区-雨花区政府］白冶路168号
新华园小区,［雨花区-雨花亭］茶园坡76号
嘉福长安郡,［雨花区-汽车南站］万芙北路439号
上河国际商业广场上城公寓,［雨花区-高桥］万家丽中路一段346号
路桥集团家属区,［雨花区-韶山南路］韶山南路239号
华达家园,［雨花区-左家塘］桂花路298号
红星农博住宅小区,［雨花区-红星］杉木冲东路
荷叶塘小区,［雨花区-左家塘］城南东路
长监宿舍,［雨花区-左家塘］曙光中路
长房明宸府,［雨花区-洞井铺］圭白路
天泽大厦住宅区,［雨花区-长岭］韶山路328号
自由COM,［雨花区-长岭］城南东路342号
长鑫美树园,［雨花区-左家塘］港岛路128号
天济山庄,［雨花区-红星］湘府东路199号
嘉盛阳光山庄,［雨花区-树木岭］树木岭路15号
园康星都荟,［雨花区-井湾子］洞井中路411号
友谊阿波罗公司曾家湾13号生活区,［雨花区-左家塘］妹子山巷15号
宏轩花苑,［雨花区-雨花亭］新建东路102号
国中星城吉联小区,［雨花区-体育新城］沙湾路
云集国际公寓,［雨花区-香樟路］香樟路255号
金凤滩家园,［雨花区-雨花亭］竹塘中路396号
大财门,［雨花区-梓园路］梓园路520号
香河公寓,［雨花区-雨花区政府］香樟路19号
美寓明城,［雨花区-雨花亭］新建西路219号
泰时花园,［雨花区-赤岗冲］曙光中路525号
红旗区一片,［雨花区-梓园路］梓园路
中海珑悦府,［雨花区-汽车南站］韶山南路,近汇金路
上城星座,［雨花区-窑岭南］韶山北路234号
湖南省国税局机关大院,［雨花区-长岭］劳动西路358号
鸿景苑,［雨花区-左家塘］城南东路112号
兴旺小爱同学,［雨花区-雨花周边］同升路,近李家塘
海华锦园,［雨花区-赤岗冲］劳动中路91号
正荣悦玺,［雨花区-树木岭］东二环一段284号
轻安小区,［雨花区-赤岗冲］红花坡路33号
高桥国际,［雨花区-高桥］湖南省长沙市长沙大道278号
狮子山新二片小区,［雨花区-左家塘］桂花路396号
和馨佳园,［雨花区-汽车南站］高升路268号
今利园,［雨花区-树木岭］今利园巷8号
京武浪琴山(别墅),［雨花区-体育新城］劳动东路
山水花都,［雨花区-桔园小区］新塘冲54号
南颐园,［雨花区-雨花亭］时代阳光大道149号
红旗区三片,［雨花区-梓园路］梓园路350号
朝阳银座,［雨花区-阿弥岭］人民路9号
湖南省烟草公司长沙市公司宿舍,［雨花区-七里庙］芙蓉中路三段269号
砂子塘居民小区,［雨花区-砂子塘］砂子塘巷93号
锻压厂宿舍,［雨花区-赤岗冲］劳动中路
华盛花园,［雨花区-长岭］韶山北路338号
建丰公寓,［雨花区-王家冲］茶园坡路
鸿铭中心北苑,［雨花区-窑岭南］韶山北路263号
欧亚达商业中心,［雨花区-树木岭］劳动东路,近万家丽路
南苑小区,［雨花区-雨花区政府］长塘路
湖南联通小区,［雨花区-雨花区政府］万家丽中路二段439号
莲湖大市场,［雨花区-红星］洞井路
桔园小区三片,［雨花区-雨花亭］湘银巷
长探家园,［雨花区-东塘］曙光中路347号
云鼎公馆(一期),［雨花区-雨花周边］韶山中路526号
营山佳园,［雨花区-左家塘］曙光中路283号
南方电信宿舍,［雨花区-东塘］劳动西路
工贸大厦,［雨花区-树木岭］树木岭路57号
环亚高铁芯城,［雨花区-体育新城］杜花路,近京港澳高速
化油器厂宿舍,［雨花区-阿弥岭］芙蓉中路
万科金域华府(三期),［雨花区-圭塘］豆花塘路,近杜花路
中建Z和城,［雨花区-万家丽南路］万家丽南路,近金海路
桔香鑫城,［雨花区-桔园小区］湘银巷109号
国立小区,［雨花区-左家塘］曙光中路154号
颐兴家园,［雨花区-赤岗冲］曙光中路541号
鑫宇翠庭,［雨花区-雨花亭］七里庙路9号
东进小区,［雨花区-阿弥岭］怡园街48号
长房东旭国际,［雨花区-洞井铺］劳动东路,近花候路
长建市场,［雨花区-高桥］东二环
叠彩兰亭(商住楼),［雨花区-树木岭］南二环129号
桂花公寓,［雨花区-左家塘］军培巷38号
富通新城,［雨花区-高桥］东二环一段618号
新世界广场,［雨花区-树木岭］劳动东路139号
木莲花苑,［雨花区-雨花区政府］木莲东路81号
信和苑4区,［雨花区-井湾子］井路80号
湖南省动物卫生监督所宿舍,［雨花区-东塘］劳动中路53号
明N壹城(别墅),［雨花区-体育新城］劳动东路
中建嘉苑,［雨花区-井湾子］井湾路20号
嘉宇盛世华章Ⅲ期,［雨花区-高桥］长沙大道
军干所,［雨花区-赤岗冲］曙光中路393号
左岸右岸B座,［雨花区-高桥］马王堆路162号
长沙电信分公司308大院宿舍,［雨花区-东塘］劳动西路407号
长沙标准件总厂宿舍,［雨花区-赤岗冲］红花坡路141号
世茂璀璨天城,［雨花区-树木岭］曲塘路116号
才子嘉都(三期),［雨花区-汽车南站］时代阳光大道,近万芙中路
朝阳欣园,［雨花区-阿弥岭］港岛路22号
梅苑家园,［雨花区-井湾子］井湾路692号
桔园经典,［雨花区-桔园小区］新塘村巷76号
才子嘉都(二期),［雨花区-汽车南站］阳光大道
长沙市中心医院宿舍,［雨花区-韶山南路］韶山南路
湖南化工医药设计院,［雨花区-雨花亭］韶山中路398号
杨铭园,［雨花区-赤岗冲］红花坡路
王公塘社区,［雨花区-左家塘］王公塘街119号
海华花园,［雨花区-雨花亭］劳动东路157号
翠林雅苑,［雨花区-赤岗冲］曙光中路24号
五华单位房,［雨花区-东塘］芙蓉中路三段259号
长电宿舍,［雨花区-桔园小区］新建西路24号
小玲家园,［雨花区-体育新城］竹沙路59号
英郡年华(二期),［雨花区-圭塘］圭塘路52号
岳泰理想城(二期欣隆居),［雨花区-汽车南站］湘府中路号79号
万坤图财富广场,［雨花区-树木岭］香樟路819号
南庭城果,［雨花区-雨花周边］圭白路
都市家园,［雨花区-雨花亭］韶山中路625号
麻园湾工商银行宿舍,［雨花区-人民路］人民中路58号
高峰Z麟府,［雨花区-圭塘］香樟路,近圭塘路
雨花吾悦广场,［雨花区-体育新城］劳动路,近花侯路
天鸿嘉园,［雨花区-万家丽南路］荷叶冲路
华银天际C区,［雨花区-时代阳光大道］双塘路
欧莱雅郡(别墅),［雨花区-时代阳光大道］时代阳光大道
金龙苑,［雨花区-高桥］东进街99号
凤凰商贸城,［雨花区-左家塘］曙光路205号
金领家族B片区,［雨花区-井湾子］井湾路116号
雅塘村小区,［雨花区-树木岭］南二环线一段179号
长城非常生活,［雨花区-雨花亭］新建西路37号
新点苑(东区),［雨花区-井湾子］曙光南路
湖南省测绘地理信息局大院,［雨花区-桔园小区］韶山中路693号
省林机厂宿舍南院,［雨花区-井湾子］竹塘中路403号
省政府宿舍,［雨花区-阿弥岭］梓园路397号
汇金城小区,［雨花区-万家丽南路］新兴路
长重社区1区,［雨花区-树木岭］东二环
贡院II,［雨花区-汽车南站］万芙中路
东1时区,［雨花区-朝晖路］人民东路38号
脑科医院宿舍,［雨花区-东塘］新建巷52号
红旗区四片,［雨花区-红旗药号］梓园路207号
华银天际B区,［雨花区-红星］万家丽中路
长钢社区,［雨花区-左家塘］港岛路72号
湖南省农林工业设计总院宿舍区,［雨花区-阿弥岭］城南中路126号
2076至高点大楼,［雨花区-左家塘］曙光中路236号
狮子山二片,［雨花区-树木岭］车站南路40号
佳兆业8号(别墅),［雨花区-雨花周边］半山大道
雅兰小筑公寓,［雨花区-雅塘村］雅塘路239号
景芳苑公寓,［雨花区-井湾子］井湾路373号
工商银行宿舍(东塘),［雨花区-东塘］韶山中路81号
奥园誉景华府,［雨花区-时代阳光大道］时代阳光大道,近万家丽
紫薇苑,［雨花区-树木岭］园丁街38号
同升湖山庄海德公园(C区别墅),［雨花区-雨花周边］同升路
天润花园,［雨花区-左家塘］曙光中路483号
建华大厦,［雨花区-井湾子］井湾路279号
歌舞剧团宿舍,［雨花区-阿弥岭］芙蓉中路
五江天街天寓,［雨花区-树木岭］曲塘路84号
湖南工院教师公寓,［雨花区-雨花亭］韶山中路438号
星雨心苑,［雨花区-雨花区政府］香莲路99号
正园小区,［雨花区-树木岭］正园巷
远大小区,［雨花区-桔园小区］南二环441号
曲塘社区,［雨花区-树木岭］树木岭路388号
恒大上林苑,［雨花区-时代阳光大道］金海路89号
金蕾苑,［雨花区-左家塘］王公塘街197号
三重才园小区,［雨花区-东塘］韶山北路480号
马家冲小区,［雨花区-东塘］马家冲巷
赤岗冲住宅楼,［雨花区-赤岗冲］曙光中路11号
床单厂宿舍,［雨花区-赤岗冲］桂花路
湖南省女子监狱宿舍,［雨花区-井湾子］香樟路
博雅公寓,［雨花区-雨花区政府］体院北路230号
植物原著,［雨花区-时代阳光大道］植物园路
石长铁路宿舍,［雨花区-左家塘］桂花路356号
雨花雅苑,［雨花区-香樟路］体院路245号
规划局宿舍,［雨花区-高桥］怡园街60号
湖南省邮政局桂花村宿舍,［雨花区-左家塘］曙光中路123号
同升湖山庄黄金海岸(D区别墅),［雨花区-雨花周边］同升路
桔园七片,［雨花区-雨花周边］曙光南路
大为农博家园,［雨花区-红星］杉木冲东路260号
自然公寓,［雨花区-树木岭］园丁街31号
新点苑(北区),［雨花区-井湾子］曙光南路
都城康欣园,［雨花区-阿弥岭］朝晖路
华欣公寓,［雨花区-井湾子］井奎路80号
长远华樟名府,［雨花区-高桥］万家丽中路一段217号
造化塘小区,［雨花区-东塘］芙蓉中路二段293号
湖南生物药厂宿舍区,［雨花区-左家塘］桂花西路46号
汇达大厦,［雨花区-高桥］马王堆南路259号
鸿运佳苑,［雨花区-时代阳光大道］高升路92号
雅第大厦,［雨花区-东塘］劳动西路408号
红星建材交易市场,［雨花区-井湾子］中意一路364号
长房凤凰佳园,［雨花区-雨花区政府］樟东路189号
建设医院宿舍,［雨花区-梓园路］林子冲路26号
湘核新家园,［雨花区-时代阳光大道］仙岭路
长重社区2区,［雨花区-赤岗冲］东二环
省交通技校宿舍,［雨花区-东塘］劳动西路143号
小林子冲社区,［雨花区-阿弥岭］小林子冲路
长沙市工商行政管理局郊区分局宿舍,［雨花区-左家塘］营山巷21号
湖南省医疗器械宿舍,［雨花区-长岭］劳动中路101号
金昌公寓,［雨花区-赤岗冲］红花坡路71号
赤岗苑,［雨花区-赤岗冲］红花坡路123号
经济电视台宿舍,［雨花区-七里庙］芙蓉中路
红星商贸城,［雨花区-时代阳光大道］植物园路
半山公馆,［雨花区-体育新城］沙湾路89号
泰禹国际爱马仕公馆,［雨花区-东塘］砂子塘路211号
香樟兰亭(商住楼),［雨花区-树木岭］圭塘路,近香樟路
湖南省建材局,［雨花区-长岭］劳动西路483号
中盛小家碧寓,［雨花区-左家塘］官塘冲巷37-1号
馨安苑小区,［雨花区-赤岗冲］王家冲路225号
市委党校沁园小区,［雨花区-韶山南路］中意一路92号
华晨国际公馆,［雨花区-树木岭］万家丽中路二段8号
白沙啤酒公寓,［雨花区-桔园小区］新建东路13号
红星国际公寓,［雨花区-井湾子］新韶东路308号
裕天国际商汇中心,［雨花区-汽车南站］时代阳光大道西529号
四达花苑,［雨花区-左家塘］王公塘街
锻压小区,［雨花区-东塘］赤岗巷36号
印刷厂宿舍,［雨花区-赤岗冲］官塘冲巷39号
QQ生活馆,［雨花区-左家塘］曙光中路203号
长沙玻璃纤维厂宿舍,［雨花区-赤岗冲］劳动中路468号
公交小区,［雨花区-东塘］劳动中路142号
康乐花园,［雨花区-树木岭］树木岭路
红星商务楼,［雨花区-时代阳光大道］湘府东路2号
长沙教育建筑设计研究院,［雨花区-赤岗冲］军培巷48号
中扬大厦,［雨花区-阿弥岭］劳动西路377号
二十三冶小区,［雨花区-雨花周边］井湾路
建行宿舍(窑岭),［雨花区-阿弥岭］曙光中路20号
化工研究所宿舍,［雨花区-梓园路］芙蓉中路二段251号
恒大誉府,［雨花区-体育新城］万家丽中路
山水庭院C区,［雨花区-雨花区政府］洞井路
湖南省冶金材料研究所宿舍,［雨花区-香樟路］香樟路589号
湖南广播电视厅,［雨花区-东塘］黄土岭路260号
旭辉国际广场(商住楼),［雨花区-体育新城］劳动东路220号
五矿万境水岸文苑,［雨花区-红星］圭塘路
旭辉华宇南宸府,［雨花区-汽车南站］万芙北路,近桂花坪路
华悦城3-8栋,［雨花区-红星］湘府东路二段300号
石油局宿舍,［雨花区-东塘］梓园路11号
华悦城1-2栋,［雨花区-红星］圭塘路
电力宾馆宿舍,［雨花区-东塘］曹家坡路60号
新紫薇鑫园,［雨花区-高桥］怡园街161号
十五中学宿舍,［雨花区-梓园路］梓园路53号
湖工家园,［雨花区-赤岗冲］茶园坡路89号
路桥大厦,［雨花区-韶山南路］韶山南路73号
环保学校单位宿舍,［雨花区-井湾子］木莲东路468号
复地星光商业广场公寓,［雨花区-红星］湘府中路80号
建委宿舍,［雨花区-荷叶塘］曙光中路63号
恒生碧水龙庭(别墅),［雨花区-雨花周边］万家丽南路一段226号
金玉小区,［雨花区-左家塘］桂花路
天际藏玉,［雨花区-时代阳光大道］万家丽中路
华润翡翠府,［雨花区-韶山南路］曙光南路768号
月光山庄,［雨花区-体育新城］劳动东路
营山巷社区,［雨花区-左家塘］曙光中路234号
东塘瑞府(商住楼),［雨花区-东塘］韶山北路641号
清溪川9号(二期),［雨花区-雨花区政府］圭塘路
铜铝材厂单位宿舍区,［雨花区-赤岗冲］劳动东路219号
长冶小区,［雨花区-汽车南站］金莲巷19号
天凯东苑(西区),［雨花区-树木岭］自然岭路
红旗区二片,［雨花区-梓园路］梓园路
恒生药厂,［雨花区-沙子塘］红花坡路60号
点金公寓,［雨花区-长岭］韶山北路329号
美林美寓,［雨花区-体育新城］劳动东路230号
省烟曹家坡宿舍,［雨花区-东塘］曙光中路252号
通程物流小区,［雨花区-雨花亭］竹塘中路378号
远东公寓,［雨花区-窑岭南］人民中路276号
湖南省机械化施工公司宿舍区,［雨花区-井湾子］井湾路591号
厚生里,［雨花区-阿弥岭］麻园湾巷
公交新村宿舍,［雨花区-赤岗冲］曙光中路451号
中江锦城锦鸿苑,［雨花区-树木岭］东二环新雨路
高桥日化城,［雨花区-高桥］长沙大道
鑫苑木莲世家,［雨花区-树木岭］木莲东路329号
湖南省包装总公司宿舍,［雨花区-长岭］韶山北路356号
湖南华隆,［雨花区-高桥］东二环路698号
华宝公寓,［雨花区-东塘］麻园湾48号
赤岗公寓,［雨花区-砂子塘］曙光南路158号
阿弥岭铁路小区,［雨花区-荷叶塘］车站南路
武警宿舍,［雨花区-左家塘］城南东路,近车站南路
长沙印染厂宿舍,［雨花区-长岭］韶山北路367号
绿雅园,［雨花区-树木岭］曲塘路68-1号
华顺大厦,［雨花区-东塘］芙蓉中路三段275号
湖南省造纸印刷公司宿舍,［雨花区-阿弥岭］芙蓉中路二段175号
高桥家电百货城,［雨花区-高桥］高桥大市场四街11号
汽制宿舍9-13栋,［雨花区-树木岭］自然岭路235号
碧桂园南城首府(别墅),［雨花区-时代阳光大道］时代阳光大道513号
中盐勘察设计院单位房,［雨花区-雨花周边］体院路28号
五一小区,［雨花区-高桥］人民东路
长沙市天心区教师村,［雨花区-新星小区］劳动东路146号
万代公寓,［雨花区-赤岗冲］红花坡路247号
湖南工业学校单位房,［雨花区-东塘］韶山中路
湖南雨花五金机电大市场D区,［雨花区-汽车南站］高升路
V领寓,［雨花区-雨花亭］圭塘路122号
天翼花园,［雨花区-树木岭］马王堆南路769号
明大佳园,［雨花区-体育新城］新雨路,近沙湾路
万科金色麦田,［雨花区-香樟路］圭塘路498号
正荣华悦广场,［雨花区-红星］湘府路,近圭塘路
红星蔬菜批发市场,［雨花区-时代阳光大道］湘府东路
金轮星光名座(商住楼),［雨花区-体育新城］香樟路
一品嘉庭,［雨花区-高桥］东进街69号
化工研究院宿舍(梓园路),［雨花区-东塘］梓园路52号
长潭佳园(别墅),［雨花区-万家丽南路］绕城高速
平吉上苑,［雨花区-雨花区政府］丽白路38号
同升湖山庄黄金海岸(D区),［雨花区-雨花周边］同升路1号
湘水和天下,［雨花区-雨花亭］韶山南路1号
省农业银行雨花路大院,［雨花区-雨花亭］黄土岭路262号
阳光锦城(商住楼),［雨花区-雨花亭］新建东路35号
中南国际眼镜城,［雨花区-雨花周边］万家丽南路二段599号
物华大院,［雨花区-阿弥岭］曙光中路8号
香巴圣地,［雨花区-左家塘］阿弥岭路32号
雨花区少年宫宿舍,［雨花区-左家塘］人民中路332号
轻盐阳光城,［雨花区-汽车南站］高升路,近时代阳光大道
湖南交通职院宿舍,［雨花区-韶山南路］韶山南路
湖南美术出版社,［雨花区-高桥］东二环一段622号
康苑小区,［雨花区-雨花亭］新建巷52号
白云商住楼,［雨花区-树木岭］劳动中路605号
丰园城丰祥苑,［雨花区-洞井铺］万芙南路299号
省政府机关宿舍梓园住宅小区,［雨花区-红旗药号］梓园路397号
雨花家园和雅苑,［雨花区-雨花区政府］香莲路165号
烟草宿舍(城南东路),［雨花区-荷叶塘］城南东路
高升时代广场(商住楼),［雨花区-汽车南站］中意一路
绿地之窗(商住楼),［雨花区-洞井铺］黎托路
三重大厦,［雨花区-东塘］韶山北路484号
红星国际公馆,［雨花区-阿弥岭］新韶东路308号
中航工业长沙院,［雨花区-香樟路］香樟路254号
湘博楼,［雨花区-井湾子］芙蓉南路150号
中建五局机关大院,［雨花区-井湾子］中意一路149号
省林机厂宿舍北院,［雨花区-井湾子］竹塘中路376号
大唐公寓,［雨花区-圭塘］万家丽中路
红旗区五片,［雨花区-雅礼中学］芙蓉中路
绿地新都会佳苑,［雨花区-万家丽南路］万家丽南路,近环保中路
长沙银行单位房,［雨花区-砂子塘］劳动东路228号
曙光南路茶馆屋,［雨花区-曙光路口］曙光南路37号
窑岭东村,［雨花区-左家塘］王公塘街
上河国际商业广场A区,［雨花区-朝晖路］万家丽路一段358号
红花坡官南小区,［雨花区-赤岗冲］桂花路298号
香樟鑫都(商住楼),［雨花区-香樟路］圭塘路264号
友兴家园,［雨花区-树木岭］政修路,近新雨路
中天星耀城(商住楼),［雨花区-雨花区政府］体院路10号
华凌大厦,［雨花区-东塘］芙蓉南路306号
五矿万境园(别墅),［雨花区-时代阳光大道］湘府东路
桂花二村51-52栋宿舍,［雨花区-左家塘］曾家湾巷69号51-52栋
正旺U公馆,［雨花区-红星］韶山南路
方正证券商住楼,［雨花区-雨花亭］新建西路1号
长沙市妇幼保健院单位宿舍,［雨花区-阿弥岭］城南东路416号
市政公司宿舍,［雨花区-桂花公园］曙光中路350号
同升湖山庄马田广场(B区),［雨花区-雨花周边］同升路
湖南省煤炭科学研究院单位房,［雨花区-雨花区政府］井湾路
大华宿舍,［雨花区-东塘］劳动路
广铁六公司宿舍,［雨花区-阿弥岭］人民中路720号
长沙市烟草专卖局单位房,［雨花区-砂子塘］黄土岭路181号
左家塘华天宿舍,［雨花区-左家塘］城南东路294号
中国人保宿舍,［雨花区-左家塘］城南东路291号
嘉园官北,［雨花区-荷叶塘］红花坡路
天际山庄,［雨花区-洞井铺］洞井路
瑞景苑,［雨花区-雨花区政府］木莲东路
保利茉莉公馆(商住楼),［雨花区-圭塘］万家丽中路,近香樟路
湖南中医学院梨子山宿舍楼,［雨花区-砂子塘］运动巷29号
茶园坡送变电宿舍,［雨花区-雨花亭］劳动中路446号
正荣悦玺(商住楼),［雨花区-树木岭］东二环一段284号
华晨商业广场,［雨花区-树木岭］万家丽中路二段8号
石油小区,［雨花区-东塘］劳动中路214号
红旗区机械研究所宿舍,［雨花区-红旗药号］梓园路491号
湖南文艺出版社宿舍,［雨花区-高桥］东二环一段506号
上王家冲小区,［雨花区-韶山中路］曙光南路218号
至雅小玲佳园,［雨花区-沙子塘］长沙大道778号
国税五分局桔园宿舍,［雨花区-新中路立交桥］韶山中路
麻园湾测试所宿舍,［雨花区-小林子冲］052县道
星城佳园,［雨花区-香樟路］香樟路528号
湘怡佳园,［雨花区-时代阳光大道］万侯路
地泰人民公馆(商住楼),［雨花区-人民路］人民中路72号
涟源百货城,［雨花区-时代阳光大道］中意一路583号
兴旺双铁城,［雨花区-树木岭］树木岭路16号
苎麻小区,［雨花区-赤岗冲］曙光南路70号
新城农博公寓,［雨花区-红星］杉木冲东路228号
曙光路友阿宿舍,［雨花区-左家塘］曙光中路99号
高桥火焰文体批发大市场,［雨花区-高桥］民主路
航空三院,［雨花区-井湾子］香樟路004号
湖南省林勘院东塘宿舍,［雨花区-东塘］韶山北路
长沙电机厂宿舍,［雨花区-砂子塘］韶山中路
小天鹅宿舍楼,［雨花区-左家塘］城南东路386号
南大公寓,［雨花区-东塘］下麻园湾39号
红星大厦,［雨花区-洞井铺］韶山路,近湘府路
省有色冶金劳保所宿舍,［雨花区-圭塘］圭塘路
中建五局三公司宿舍,［雨花区-井湾子］井湾路020号
五峰国际,［雨花区-香樟路］洞井中路476号
水岸天际(商住楼),［雨花区-红星］湘府东路108号
长房天翼未来城(商住楼),［雨花区-长岭］曙光中路302号
红星水果批发城,［雨花区-时代阳光大道］洞井路
中国人民财产保险股份公司宿舍,［雨花区-左家塘］城南东路287号
野坡社区,［雨花区-赤岗冲］劳动中路
长沙橡胶厂宿舍,［雨花区-井湾子］井湾路495号
长钢宿舍小区,［雨花区-阿弥岭］曙光中路
永祥小区(E区),［雨花区-阿弥岭］人民东路
永祥小区(D区),［雨花区-高桥］马王堆南路
环保局宿舍,［雨花区-左家塘］城南东路117号
白沙家园嘉城小区,［雨花区-雨花亭］韶山中路814号
燕果塘小区,［雨花区-砂子塘］砂子塘路,近韶山中路
高桥农副产品商贸城,［雨花区-高桥］民主路
煤炭设计院宿舍,［雨花区-左家塘］窑岭村巷78号
长沙城市建设开发公司宿舍,［雨花区-雨花亭］桔园路11号
湖南省新轻联宿舍,［雨花区-荷叶塘］桂花路156号
平阳小区,［雨花区-体育新城］劳动东路,近潭白北路
韶山路附141号小区,［雨花区-雨花亭］韶山路附141号
韶山路141号小区,［雨花区-雨花亭］韶山南路201号
金井二期,［雨花区-万家丽南路］万家丽南路,近振华路
永安宝第,［雨花区-雅礼中学］芙蓉中路323号
橡鞋小区,［雨花区-东塘］曹家坡路48号
湖南省地质环境监测总站,［雨花区-东塘］麻园湾40号
雨花亭派出所宿舍,［雨花区-井湾子］井湾路
金地香樟悦府,［雨花区-雨花亭］曙光南路800号
神农建行宿舍,［雨花区-雨花亭］芙蓉中路259号
地科家园,［雨花区-东塘］城南中路205号
同升湖实验学校教师公寓,［雨花区-雨花周边］支路同二路
兴和佳苑,［雨花区-汽车南站］万芙中路,近时代阳光大道
竹山塘小区,［雨花区-洞井铺］时代阳光大道165号
磷矿宿舍,［雨花区-东塘］南大路86号
稀土院宿舍,［雨花区-圭塘］香樟路
星城新宇川河苑,［雨花区-沙子塘］川河路,近红旗路
新城雅苑,［雨花区-圭塘］体院路
解放东路建行宿舍,［雨花区-左家塘］解放东路49号
长沙市园林规划设计院,［雨花区-左家塘］曙光中路85
左家塘二建小区,［雨花区-左家塘］曙光中路71号
纯居民小区,［雨花区-东塘］曹家坡巷
长线局宿舍,［雨花区-雨花亭］桔园路270号
韶山中路760号楼,［雨花区-雨花亭］韶山中路760号
温馨苑,［雨花区-左家塘］窑岭村巷37号
二十三冶建设公司宿舍,［雨花区-雨花亭］桔园路342号
钢铝材厂家属区,［雨花区-体育新城］航空路003号
荣安大楼,［雨花区-东塘］城南中路
长沙农村商业银行宿舍,［雨花区-左家塘］韶山北路310号
曙光中路195号小区,［雨花区-左家塘］曙光中路195号
中国铁建18公馆,［雨花区-井湾子］中意一路57号
黎托公寓安置房,［雨花区-体育新城］沙湾路
基础公司宿舍,［雨花区-左家塘］城南东路
光大银行宿舍小区,［雨花区-左家塘］人民中路218号
公路局应急中心单位房,［雨花区-砂子塘］曙光南路132号
爱地林苑,［雨花区-雨花亭］竹塘中路
和太坪小区,［雨花区-洞井铺］金海路
高桥大市场新太平街7区,［雨花区-高桥］华洋路,近绿城路
利璞金立方,［雨花区-雨花区政府］万家丽中路三段186号
广铁集团公司长沙铁路地区单身宿舍,［雨花区-荷叶塘］桂花路516号
省建五公司长沙基地,［雨花区-圭塘］体院路229号
雨花亭乡政府宿舍,［雨花区-雨花亭］韶山中路693号
石马铺自建房,［雨花区-韶山南路］南二环,近曙光路
食品药品职业学院宿舍,［雨花区-体育新城］体院路510号
工贸学校宿舍,［雨花区-树木岭］树木岭路57号
自元小区,［雨花区-树木岭］劳动东路185号
人民中路426号小区,［雨花区-荷叶塘］人民中路426号
石燕湖村上湾组自建房,［雨花区-雨花周边］049县道
蔬菜种子公司宿舍,［雨花区-荷叶塘］人民中路458号
湘泽苑,［雨花区-荷叶塘］窑岭村巷巷82号
天华寄宿制学校教师宿舍,［雨花区-洞井铺］天华路
曙光南路24号小区,［雨花区-曙光路口］曙光南路24号
长岭上街189号小区,［雨花区-左家塘］长岭上街189号
环保科技大院,［雨花区-雨花区政府］井湾路889号
永定小区,［雨花区-朝晖路］人民东路108号
赛福尔公寓,［雨花区-左家塘］王公塘30号
长沙市外国语学校职工宿舍,［雨花区-荷叶塘］曾家湾巷31号
同兴公寓,［雨花区-左家塘］韶山北路355号
曙光路综合安置楼,［雨花区-曙光路］曙光中路266号
五金矿产进出口公司宿舍,［雨花区-左家塘］曙光中路192号
市城市公用设施开发公司宿舍,［雨花区-荷叶塘］城南东路
省植物园小区,［雨花区-洞井铺］天华路
原广播电视学校宿舍,［雨花区-东塘］曹家坡路24号
玉竹家园,［雨花区-雨花区政府］杨子路
省肉食水产总公司宿舍,［雨花区-红旗药号］爱民巷29号
雨花亭街道办事处宿舍,［雨花区-新中路立交桥］南二环二段20号
左家塘社区,［雨花区-左家塘］曙光中路108号
智慧小区,［雨花区-赤岗冲］红花坡路
红星人才楼,［雨花区-井湾子］井湾路258号
轻奢时代,［雨花区-洞井铺］时代阳光大道西388号
华银小区,［雨花区-东塘］韶山北路
蕙馨楼,［雨花区-新中路立交桥］韶山中路754号
莱特尔事业集团小区,［雨花区-左家塘］妹子山街50号
湖南歌舞剧院小区,［雨花区-荷叶塘］人民中路274号
保利城,［雨花区-万家丽南路］时代阳光大道489号
建材公司宿舍,［雨花区-桂花公园］车站南路507号
嘉园社区,［雨花区-赤岗冲］红花坡路185号
长沙市公路管理局城郊分局宿舍,［雨花区-雨花亭］长沙市雨花区韶山中路732号
曾家湾小区,［雨花区-荷叶塘］曾家湾巷80号
轻工设计院小区,［雨花区-井湾子］中意一路67号
鄱阳佳郡,［雨花区-万家丽南路］黄谷路
碧翠园,［雨花区-树木岭］东山路1号
融信澜悦,［雨花区-汽车南站］万芙中路539号
圭塘三小区,［雨花区-树木岭］劳动东路,近自然岭路
中商大厦,［雨花区-窑岭南］韶山北路298-6号
鹏程府,［雨花区-左家塘］曙光中路55号
人民中路220号小区,［雨花区-左家塘］人民中路220号
浦沅生活(一区),［雨花区-雨花亭］芙蓉中路,近南二环
和立星雅苑,［雨花区-树木岭］树木岭路330号
曙光南路24号办公楼,［雨花区-雨花亭］曙光南路24号
新塘冲巷54号小区,［雨花区-雨花亭］新塘冲巷54号
燕果塘,［雨花区-东塘］砂子塘路
农行宿舍,［雨花区-雨花亭］白沙中路212号
送变电宿舍(雨花区),［雨花区-韶山南路］香樟路97号
国际创新城,［雨花区-雨花周边］振华路519号
省外经委宿舍,［雨花区-长岭］城南中路17号
桃花F小区,［雨花区-时代阳光大道］万芙路,近万家丽南路
高桥老二号小区,［雨花区-树木岭］湖南省长沙市马王堆南路居然之家对面
红星安置小区,［雨花区-井湾子］井圭路146号
创元时代,［雨花区-红星］万家丽中路,近湘府东路
雨花区教育办宿舍,［雨花区-雨花亭］新丰路1号
芒果天地(商住楼),［雨花区-赤岗冲］车站南路171号
东塘大厦,［雨花区-左家塘］韶山北路440号
凯宾商业广场,［雨花区-东塘］韶山中路419号
星城新宇黎雅苑,［雨花区-洞井铺］花侯路
龙凤小区,［雨花区-洞井铺］黎托街道1巷
高桥新二号小区,［雨花区-高桥］万家丽路
大桥安置房(四区),［雨花区-万家丽中路］大桥路,近沙湾路
星城新宇颐景苑,［雨花区-树木岭］航空路22号
高桥一号小区,［雨花区-高桥］马王堆南路
桔香花庭,［雨花区-雨花亭］桔园路
惠民锦园,［雨花区-赤岗冲］劳动中路,近东二环
星城新宇莲景苑,［雨花区-红星］井莲路
嘉福长安郡(商住楼),［雨花区-汽车南站］万芙北路439号
铭诚国际,［雨花区-高桥］人民东路46号
高升时代广场,［雨花区-汽车南站］中意一路
湖南省委党校生活区,［雨花区-韶山南路］香樟路442号
天下一家嘉园,［雨花区-高桥］人民东路
新塘垅小区,［雨花区-树木岭］桂友路
新塘垅小区,［雨花区-树木岭］石坝路
高桥医药流通园,［雨花区-万家丽中路］万家丽中路
中南家园(西区),［雨花区-雨花区政府］体院北路
雅塘新居,［雨花区-阿弥岭］雅塘村巷49-1号
长沙市规划设计院宿舍,［雨花区-左家塘］长鑫巷19号
红星怡景苑,［雨花区-井湾子］臻和路229号
叠彩兰亭,［雨花区-树木岭］南二环一段55号
二十一中宿舍,［雨花区-雨花亭］新建西路47号
长沙机务段单身宿舍,［雨花区-阿弥岭］桂花路附385号
化肥宿舍,［雨花区-阿弥岭］韶山路
御溪国际,［雨花区-红星］迎新路499号
星城新宇桃花苑,［雨花区-时代阳光大道］金海路
红星电脑电器城,［雨花区-时代阳光大道］韶山路,近湘府东路
大塘公寓小区,［雨花区-新星小区］万家丽中路三段168号
紫薇鑫园,［雨花区-高桥］怡园街161号
紫薇嘉园,［雨花区-高桥］西子街68号
自然小区,［雨花区-树木岭］自然岭路99号
依星苑,［雨花区-左家塘］妹子山巷
职防院小区,［雨花区-东塘］雨花路
紫云轩,［雨花区-东塘］曹家坡路71号
长沙市中级人民法院法官公寓,［雨花区-阿弥岭］劳动中路
中豪城南时代,［雨花区-汽车南站］万芙南路
至雅大厦,［雨花区-高桥］长沙大道566号
长沙物贸赤岗宿舍,［雨花区-桂花公园］阿弥岭路
中铁二十五局小区,［雨花区-阿弥岭］人民中路
拿铁空间,［雨花区-雨花亭］湘银巷21-1号
中扬国际,［雨花区-汽车南站］杉木冲路325号
中级人民法院宿舍,［雨花区-阿弥岭］曙光中路298号
锡安中心,［雨花区-阿弥岭］韶山北路270号
稀土研究院宿舍,［雨花区-井湾子］圭塘路
长沙仪器厂家属区,［雨花区-阿弥岭］井湾路967号
长沙电影城宿舍,［雨花区-左家塘］人民中路170号
省食品公司宿舍,［雨花区-阿弥岭］麻园湾巷71-75号
省杂技团宿舍,［雨花区-东塘］韶山北路432号
十一中学单位宿舍,［雨花区-长岭］城南中路
阳光小镇,［雨花区-雨花亭］韶山中路558号
未教所人和苑,［雨花区-阿弥岭］体院路500号
中建木莲工社,［雨花区-井湾子］木莲中路168号
长丰源,［雨花区-树木岭］雅塘路179号
省中医药大学宿舍,［雨花区-东塘］韶山中路113号
乡镇公寓,［雨花区-阿弥岭］芙蓉中路三段457号
长沙市道路绿化管理处宿舍,［雨花区-长岭］韶山北路284号
省质检局宿舍,［雨花区-雨花亭］新建西路
中江丽晶苑,［雨花区-雨花亭］新建西路126号
长塘安置小区,［雨花区-雨花区政府］万家丽中路
樟树屋小区,［雨花区-树木岭］香樟路
长建金寓东方,［雨花区-高桥］东二环一段547号
长塘里小区,［雨花区-王家冲］长塘里巷
星城新宇黎锦苑,［雨花区-体育新城］花侯路
中南博远大厦,［雨花区-雨花周边］香樟东路30号
旺盛佳园,［雨花区-阿弥岭］雅塘路138号
月雅苑,［雨花区-雨花区政府］沙湾路
长城花园,［雨花区-左家塘］城南东路209号
燕兴小区,［雨花区-阿弥岭］曙光中路49号
梓园花苑,［雨花区-梓园路］梓园路486号
中南林业勘测院宿舍,［雨花区-雨花区政府］香樟东路16号
政华嘉园,［雨花区-东塘］曹家坡路56号
山青水秀,［雨花区-阿弥岭］洞株路
兴旺正佳广场,［雨花区-体育新城］万家丽中路
省轻工建设公司小区,［雨花区-赤岗冲］曙光中路26号
时代星座,［雨花区-雨花亭］韶山中路529号
长鑫花园,［雨花区-雨花周边］港桂街33号
省歌舞剧院宿舍,［雨花区-窑岭南］人民中路248号
省人大宿舍,［雨花区-东塘］韶山中路190号
长沙市老干部休养所,［雨花区-雨花亭］砂子塘路137号
省人民广播电台宿舍,［雨花区-东塘］黄土岭路258号
政院社区,［雨花区-阿弥岭］芙蓉中路
宇洋东海,［雨花区-长岭］韶山北路399号
盛德碧瑞庭,［雨花区-阿弥岭］中意路28号
五凌公司职工宿舍,［雨花区-雨花亭］运动巷54号
社区春风二栋,［雨花区-左家塘］曙光中路157号
天际岭山庄,［雨花区-时代阳光大道］湘府东路
省工商联宿舍,［雨花区-阿弥岭］梨园巷5号
天华小区,［雨花区-韶山南路］湘府东路
瑞龙阁,［雨花区-东塘］劳动西路426号
省工商银行宿舍,［雨花区-阿弥岭］梓园路77号
万里时代广场,［雨花区-雨花区政府］香樟东路299号
省税务局宿舍,［雨花区-阿弥岭］芙蓉中路
天际绿洲,［雨花区-万家丽南路］万家丽南路197号
水院家园,［雨花区-东塘］电院街21号
省计生委宿舍,［雨花区-高桥］马王堆南路80号
山水霖城,［雨花区-新星小区］植物园路111号
湘江建设开发有限公司宿舍,［雨花区-东塘］城南中路
铭轩商住楼,［雨花区-高桥］怡园街60号
三零一佳园,［雨花区-汽车南站］中意一路977号
信用合作社单位房,［雨花区-荷叶塘］韶山北路
新塘垅小区,［雨花区-树木岭］马王堆南路
瑞都御园项目,［雨花区-井湾子］香樟路
潇湘上品,［雨花区-东塘］高升路
市政宿舍(东塘),［雨花区-长岭］劳动东路177号
湘图大厦,［雨花区-人民路］人民中路182号
同升湖山庄豪世潍E区,［雨花区-雨花周边］同升路
芒果天地,［雨花区-东塘］车站南路171号
同升湖山庄奥运村(A区),［雨花区-雨花周边］同升路
轻安苑,［雨花区-赤岗冲］红花坡路
天龙商住楼,［雨花区-阿弥岭］人民中路454号
牛头小区,［雨花区-韶山南路］圭白路
人民检察院家属宿舍,［雨花区-东塘］桂花路158号
新兴社会安置小区,［雨花区-新星小区］时代阳光大道528号
农业银行宿舍,［雨花区-砂子塘］韶山中路570号
万发宿舍,［雨花区-树木岭］树木岭路19号
寿星公寓,［雨花区-东塘］芙蓉中路三段331号
汽制宿舍1-8栋,［雨花区-树木岭］正圆巷
人民政府宿舍(雨花),［雨花区-东塘］马家冲巷14号
赛富尔公寓,［雨花区-左家塘］曙光中路
湘凯综合楼,［雨花区-雨花亭］新建西路117号
金沙园小区,［雨花区-王家冲］王家冲路89号
裕华名苑,［雨花区-砂子塘］雨花路
湖南建材机械厂宿舍,［雨花区-赤岗冲］茶园坡路145号
湖南省机械研究所肖家坡宿舍,［雨花区-长岭］韶山北路
湖南行政学院生活区,［雨花区-井湾子］香樟路442号
湖南教育电视台,［雨花区-雨花亭］新建西路
庆海小区,［雨花区-雨花亭］新塘冲巷30号
金鸿宇,［雨花区-高桥］朝晖路55号
四星小区,［雨花区-井湾子］木莲中路267号
桃花古潭小区,［雨花区-左家塘］万家丽南路
美丽星城,［雨花区-高桥］雨花大道
天下一家,［雨花区-高桥］东二环
金港湾,［雨花区-雨花亭］曙光中路100号
莲湖大厦,［雨花区-韶山南路］湘府东路二段459号
侯家塘小区,［雨花区-阿弥岭］芙蓉路
矿业大厦小区,［雨花区-王家冲］南二环二段20号
利璞大厦,［雨花区-雨花亭］万家丽中路三段186号
腾达家园,［雨花区-阿弥岭］万家丽中路一段227号
桃阳小区,［雨花区-洞井铺］万家丽南路一段199号
红星农民新村,［雨花区-红星］韶山南路
德茂公寓,［雨花区-树木岭］韶山南路239号
双银花园,［雨花区-左家塘］阿弥岭路34号
金盆公寓,［雨花区-阿弥岭］芙蓉中路三段437号
宏大山庄,［雨花区-阿弥岭］中意一路644-1号
粟塘小区,［雨花区-雨花周边］曲塘路
东友星座,［雨花区-东塘］劳动中路2号
鄱阳华美佳园,［雨花区-汽车南站］洞和路
科协宿舍,［雨花区-阿弥岭］人民中路308号
鄱阳小区丰畅苑,［雨花区-汽车南站］黑梨路
洞井安置小区,［雨花区-汽车南站］中意一路572号
梦园山庄,［雨花区-时代阳光大道］植物园路
金汇园,［雨花区-万家丽南路］汇金路888号
发改委宿舍,［雨花区-阿弥岭］人民中路
阀门厂宿舍,［雨花区-赤岗冲］红花坡路30号
洞井家园二小区,［雨花区-韶山南路］时代阳光大道
金井馨苑,［雨花区-洞井铺］金海路
乐尚城,［雨花区-树木岭］圭塘路206号
衡器厂宿舍,［雨花区-人民路］人民中路545号
湖南工程机械厂宿舍区,［雨花区-赤岗冲］劳动中路511号
联盟佳苑,［雨花区-汽车南站］花卉大道
洞井一小区,［雨花区-红星］杉木冲路
金井小区,［雨花区-韶山南路］万家丽南路
洪塘佳苑,［雨花区-雨花周边］振华路109号
红粉墙小区,［雨花区-赤岗冲］东二环
亮丽阁公寓,［雨花区-长岭］城南中路71号
交警宿舍,［雨花区-阿弥岭］紫薇路
国中星城,［雨花区-雨花周边］沙湾路89号
湖南省茶叶果品总公司,［雨花区-东塘］劳动中路312号
红花坡电信宿舍,［雨花区-左家塘］赤岗新路21号
粮油公司宿舍,［雨花区-长岭］果茶巷1号
黎郡新宇康景园,［雨花区-体育新城］香樟东路
湖南国际汽车城,［雨花区-汽车南站］韶山南路
御和苑,［雨花区-雨花周边］万家丽中路三段106号
金房玲珑湾,［雨花区-树木岭］香樟路91号
交通医院宿舍,［雨花区-雨花亭］韶山中路698号
量具厂宿舍,［雨花区-沙子塘］劳动中路
湖南广电宿舍,［雨花区-雨花亭］新建西路
黎郡新宇熙春园,［雨花区-阿弥岭］湘天路428号
内配小区,［雨花区-雨花亭］韶山中路
牛串岭小区,［雨花区-赤岗冲］东二环一段151号
黎郡新宇太和园,［雨花区-体育新城］香樟东路
湖南国家税务局宿舍,［雨花区-长岭］梓园路
神农茶都,［雨花区-高桥］民主路
城宇大厦,［雨花区-赤岗冲］劳动中路523号
环境保护研究院小区,［雨花区-雨花区政府］圭香路
雨花区教师村,［雨花区-圭塘］自然岭路283号
地震应急住宅,［雨花区-韶山南路］中意一路326号
黎托安置小区,［雨花区-体育新城］曲塘路
黎托强戒所单位房,［雨花区-雨花区政府］体院路510号
开宇大厦,［雨花区-左家塘］劳动西路355号
官塘公寓,［雨花区-左家塘］车站南路
澧水家园,［雨花区-井湾子］香樟路393号
和平小区,［雨花区-汽车南站］豹塘路
恒福大厦,［雨花区-梓园路］人民中路228号
地质中学宿舍,［雨花区-人民路］人民中路168号
景塘家园,［雨花区-雨花亭］圭塘路100号
九芝公寓,［雨花区-雨花亭］韶山中路351号
林苑,［雨花区-韶山南路］韶山南路1号
大吉小区,［雨花区-雅塘村］自然岭路212号
九芝堂宿舍,［雨花区-雨花亭］韶山中路
大鸿杰座,［雨花区-东塘］雨花路
湖南教育电视台宿舍,［雨花区-雨花亭］新建西路77号
大桥一区,［雨花区-万家丽中路］长沙大道661号
大桥三区,［雨花区-体育新城］石坝路
建安小区,［雨花区-赤岗冲］官塘冲巷14号
第三社会福利院居民楼,［雨花区-韶山南路］香樟路62号
大桥二区,［雨花区-体育新城］古曲南路
车辆段宿舍,［雨花区-左家塘］车站南路766号
桔香苑,［雨花区-桔园小区］湘银巷21号
城市动力,［雨花区-左家塘］韶山北路
合丰安置小区,［雨花区-圭塘］花侯路
圭塘二小区,［雨花区-体育新城］香樟东路
活力社区,［雨花区-长岭］梓园路207号
科技职院宿舍,［雨花区-井湾子］井湾路784号
金邮小区,［雨花区-高桥］东二环1段706号
地矿医院宿舍楼,［雨花区-雨花亭］雨花巷31号
桔园小区卫技新村,［雨花区-桔园小区］桔园路306号
湖南雨花五金机电大市场E区,［雨花区-韶山南路］高升路
工商银行宿舍(左家塘),［雨花区-赤岗冲］曙光中路
成功苑,［雨花区-雨花亭］桔园路129号
金制小区,［雨花区-劳动中路］茶园坡路8号
城市快线,［雨花区-雨花亭］芙蓉中路三段495号
公安局宿舍,［雨花区-曙光路口］曙光中路509号
公安局宿舍,［雨花区-左家塘］城南东路131号
凤凰苑,［雨花区-新星小区］香樟东路
花桥小区,［雨花区-万家丽中路］白沙湾路
高福星小区,［雨花区-高桥］万家丽路
芙佳花园,［雨花区-新星小区］万家丽南路二段27号
京豪大厦,［雨花区-雨花区政府］体院路39号
博远西苑,［雨花区-香樟路］香樟路9号
顺特变压器厂宿舍,［雨花区-劳动中路］劳动东路382号
长沙市公路管理局机关宿舍,［雨花区-雨花亭］新建西路76号
服装公司宿舍,［雨花区-雨花亭］新建西路
福安公寓,［雨花区-长岭］城南中路60号
湖南省中医附一院宿舍,［雨花区-雨花亭］运动巷50号
北冲尾小区,［雨花区-香樟路］香樟路
湖南雨花五金机电大市场A区,［雨花区-洞井铺］高升路
白田安置小区,［雨花区-雨花周边］职教城路68号
湖南雨花五金机电大市场B区,［雨花区-时代阳光大道］高升路
湖南雨花五金机电大市场C区,［雨花区-红星］高升路
白田佳苑,［雨花区-雨花周边］环保东路59号
板塘小区,［雨花区-时代阳光大道］万家丽中路
枫树岸小区,［雨花区-阿弥岭］梓园路445号
枫树山社区,［雨花区-东塘］劳动西路386号
